﻿itemId ,author,publisher
428918,Judith Ash,Macmilllan
429487,Judith Ash,Macmilllan
2229013,Judith Ash,Macmilllan
3867745,Judith Ash,Macmilllan
3876841,Judith Ash,Macmilllan
3910688,Judith Ash,Macmilllan
4530390,Judith Ash,Macmilllan
4964659,Judith Ash,Macmilllan
4979489,Judith Ash,Macmilllan
9132410,Judith Ash,Macmilllan
10572559,Judith Ash,Macmilllan
10711526,Judith Ash,Macmilllan
10725022,Judith Ash,Macmilllan
10850840,Judith Ash,Macmilllan
11042889,Judith Ash,Macmilllan
12532766,Judith Ash,Macmilllan
13011629,Judith Ash,Macmilllan
13370204,Judith Ash,Macmilllan
15133332,Judith Ash,Macmilllan
17287469,Judith Ash,Macmilllan
17614581,Judith Ash,Macmilllan
20448397,Judith Ash,Macmilllan
20467184,Judith Ash,Macmilllan
20529195,Judith Ash,Macmilllan
20560414,Judith Ash,Macmilllan
20705497,Judith Ash,Macmilllan
20862246,Judith Ash,Macmilllan
21277786,Judith Ash,Macmilllan
21756093,Judith Ash,Macmilllan
21756145,Judith Ash,Macmilllan
21973568,Judith Ash,Macmilllan
23078330,Judith Ash,Macmilllan
23081425,Judith Ash,Macmilllan
23565191,Judith Ash,Macmilllan
23565192,Judith Ash,Macmilllan
23565193,Judith Ash,Macmilllan
23565195,Judith Ash,Macmilllan
23732992,Judith Ash,Macmilllan
23781516,Judith Ash,Macmilllan
23781517,Judith Ash,Macmilllan
23781518,Judith Ash,Macmilllan
23781520,Judith Ash,Macmilllan
23957703,Judith Ash,Macmilllan
24054478,Judith Ash,Macmilllan
24057073,Judith Ash,Macmilllan
24522701,Judith Ash,Macmilllan
24622644,Judith Ash,Macmilllan
24622647,Judith Ash,Macmilllan
24622648,Judith Ash,Macmilllan
24622649,Judith Ash,Macmilllan
24622650,Judith Ash,Macmilllan
24629268,Judith Ash,Macmilllan
24629272,Judith Ash,Macmilllan
24629273,Judith Ash,Macmilllan
24629274,Judith Ash,Macmilllan
24629279,Judith Ash,Macmilllan
24629280,Judith Ash,Macmilllan
24634164,Judith Ash,Macmilllan
24634167,Judith Ash,Macmilllan
24634169,Judith Ash,Macmilllan
24634171,Judith Ash,Macmilllan
24634697,Judith Ash,Macmilllan
24642138,Judith Ash,Macmilllan
24662224,Judith Ash,Macmilllan
24693848,Judith Ash,Macmilllan
24828038,Judith Ash,Macmilllan
24828166,Judith Ash,Macmilllan
24835080,Judith Ash,Macmilllan
24835577,Judith Ash,Macmilllan
25110249,Judith Ash,Macmilllan
25394116,Judith Ash,Macmilllan
25394120,Judith Ash,Macmilllan
25658457,Judith Ash,Macmilllan
25672360,Judith Ash,Macmilllan
25951606,Judith Ash,Macmilllan
26660336,Judith Ash,Macmilllan
26669425,Judith Ash,Macmilllan
27651532,Judith Ash,Macmilllan
27651537,Judith Ash,Macmilllan
27974685,Judith Ash,Macmilllan
28425203,Judith Ash,Macmilllan
28429311,Judith Ash,Macmilllan
28822565,Judith Ash,Macmilllan
28984328,Judith Ash,Macmilllan
29047470,Judith Ash,Macmilllan
29053714,Judith Ash,Macmilllan
29326047,Judith Ash,Macmilllan
29452980,Judith Ash,Macmilllan
29452982,Judith Ash,Macmilllan
29456432,Judith Ash,Macmilllan
29647011,Judith Ash,Macmilllan
29647012,Judith Ash,Macmilllan
29647013,Judith Ash,Macmilllan
29719759,Judith Ash,Macmilllan
30529699,Judith Ash,Macmilllan
30529702,Judith Ash,Macmilllan
30529703,Judith Ash,Macmilllan
30529704,Judith Ash,Macmilllan
31299872,Judith Ash,Macmilllan
33396251,Judith Ash,Macmilllan
33396953,Ms Patricia Aspinall,Macmilllan
33396955,Ms Patricia Aspinall,Macmilllan
33396956,Ms Patricia Aspinall,Macmilllan
33396958,Ms Patricia Aspinall,Macmilllan
33433721,Ms Patricia Aspinall,Macmilllan
33433722,Ms Patricia Aspinall,Macmilllan
33433723,Ms Patricia Aspinall,Macmilllan
33456302,Ms Patricia Aspinall,Macmilllan
33547414,Ms Patricia Aspinall,Macmilllan
33938305,Ms Patricia Aspinall,Macmilllan
33940409,Ms Patricia Aspinall,Macmilllan
33940455,Ms Patricia Aspinall,Macmilllan
33940467,Ms Patricia Aspinall,Macmilllan
33940473,Ms Patricia Aspinall,Macmilllan
33940492,Ms Patricia Aspinall,Macmilllan
33940493,Ms Patricia Aspinall,Macmilllan
33940494,Ms Patricia Aspinall,Macmilllan
33940496,Ms Patricia Aspinall,Macmilllan
33940497,Ms Patricia Aspinall,Macmilllan
34528679,Ms Patricia Aspinall,Macmilllan
34528683,Ms Patricia Aspinall,Macmilllan
35258687,Ms Patricia Aspinall,Macmilllan
35258688,Ms Patricia Aspinall,Macmilllan
35258689,Ms Patricia Aspinall,Macmilllan
35650962,Ms Patricia Aspinall,Macmilllan
35650966,Ms Patricia Aspinall,Macmilllan
35742512,Ms Patricia Aspinall,Macmilllan
36060339,Ms Patricia Aspinall,Macmilllan
36060340,Ms Patricia Aspinall,Macmilllan
36060341,Ms Patricia Aspinall,Macmilllan
36060342,Ms Patricia Aspinall,Macmilllan
36060343,Ms Patricia Aspinall,Macmilllan
36060344,Ms Patricia Aspinall,Macmilllan
36060345,Ms Patricia Aspinall,Macmilllan
36556686,Ms Patricia Aspinall,Macmilllan
36556687,Ms Patricia Aspinall,Macmilllan
36843044,Ms Patricia Aspinall,Macmilllan
36954841,Ms Patricia Aspinall,Macmilllan
37277973,Ms Patricia Aspinall,Macmilllan
37279107,Ms Patricia Aspinall,Macmilllan
37279506,Ms Patricia Aspinall,Macmilllan
37279532,Ms Patricia Aspinall,Macmilllan
37279533,Ms Patricia Aspinall,Macmilllan
37283198,Ms Patricia Aspinall,Macmilllan
38086980,Ms Patricia Aspinall,Macmilllan
38086984,Ms Patricia Aspinall,Macmilllan
38086985,Ms Patricia Aspinall,Macmilllan
38086987,Ms Patricia Aspinall,Macmilllan
38086988,Ms Patricia Aspinall,Macmilllan
38086989,Ms Patricia Aspinall,Macmilllan
38086991,Ms Patricia Aspinall,Macmilllan
38086992,Ms Patricia Aspinall,Macmilllan
38188318,Ms Patricia Aspinall,Macmilllan
38408038,Ms Patricia Aspinall,Macmilllan
38408039,Ms Patricia Aspinall,Macmilllan
38412153,Ms Patricia Aspinall,Macmilllan
38412156,Ms Patricia Aspinall,Macmilllan
38810928,Ms Patricia Aspinall,Macmilllan
38810929,Ms Patricia Aspinall,Macmilllan
38810930,Ms Patricia Aspinall,Macmilllan
39393639,Ms Patricia Aspinall,Macmilllan
39535831,Ms Patricia Aspinall,Macmilllan
39535834,Ms Patricia Aspinall,Macmilllan
39538443,Ms Patricia Aspinall,Macmilllan
39538450,Ms Patricia Aspinall,Macmilllan
39538475,Ms Patricia Aspinall,Macmilllan
39538746,Ms Patricia Aspinall,Macmilllan
39567168,Ms Patricia Aspinall,Macmilllan
39660526,Ms Patricia Aspinall,Macmilllan
40547807,Ms Patricia Aspinall,Macmilllan
40547962,Ms Patricia Aspinall,Macmilllan
40548522,Ms Patricia Aspinall,Macmilllan
40548712,Ms Patricia Aspinall,Macmilllan
40548719,Ms Patricia Aspinall,Macmilllan
40548855,Ms Patricia Aspinall,Macmilllan
40793813,Ms Patricia Aspinall,Macmilllan
40793814,Ms Patricia Aspinall,Macmilllan
40793815,Ms Patricia Aspinall,Macmilllan
40969281,Ms Patricia Aspinall,Macmilllan
40973834,Ms Patricia Aspinall,Macmilllan
40973835,Ms Patricia Aspinall,Macmilllan
40973848,Ms Patricia Aspinall,Macmilllan
40973849,Ms Patricia Aspinall,Macmilllan
41291338,Ms Patricia Aspinall,Macmilllan
41291340,Ms Patricia Aspinall,Macmilllan
41291341,Ms Patricia Aspinall,Macmilllan
41291402,Ms Patricia Aspinall,Macmilllan
41291591,Ms Patricia Aspinall,Macmilllan
41291625,Ms Patricia Aspinall,Macmilllan
41291787,Ms Patricia Aspinall,Macmilllan
41292871,Ms Patricia Aspinall,Macmilllan
41292933,Ms Patricia Aspinall,Macmilllan
41556837,Ms Patricia Aspinall,Macmilllan
41557448,Ms Patricia Aspinall,Macmilllan
41558085,Ms Patricia Aspinall,Macmilllan
41676504,Ms Patricia Aspinall,Macmilllan
41676510,Ms Patricia Aspinall,Macmilllan
41676511,Ms Patricia Aspinall,Macmilllan
42334935,Ms Patricia Aspinall,Macmilllan
42337032,Ms Patricia Aspinall,Macmilllan
42367603,Marcelo Baccarin,ABC Publishers
42370656,Marcelo Baccarin,ABC Publishers
42412294,Marcelo Baccarin,ABC Publishers
42486533,Marcelo Baccarin,ABC Publishers
42514003,Marcelo Baccarin,ABC Publishers
43525445,Marcelo Baccarin,ABC Publishers
43580302,Marcelo Baccarin,ABC Publishers
43905311,Marcelo Baccarin,ABC Publishers
43905312,Marcelo Baccarin,ABC Publishers
43957790,Marcelo Baccarin,ABC Publishers
43968504,Marcelo Baccarin,ABC Publishers
44371469,Marcelo Baccarin,ABC Publishers
44371477,Marcelo Baccarin,ABC Publishers
44373124,Marcelo Baccarin,ABC Publishers
44516494,Marcelo Baccarin,ABC Publishers
44654119,Marcelo Baccarin,ABC Publishers
44654146,Marcelo Baccarin,ABC Publishers
44654156,Marcelo Baccarin,ABC Publishers
44655534,Marcelo Baccarin,ABC Publishers
44697797,Marcelo Baccarin,ABC Publishers
44715914,Marcelo Baccarin,ABC Publishers
44716151,Marcelo Baccarin,ABC Publishers
44719044,Marcelo Baccarin,ABC Publishers
44878915,Marcelo Baccarin,ABC Publishers
44881470,Marcelo Baccarin,ABC Publishers
44978329,Marcelo Baccarin,ABC Publishers
44978343,Marcelo Baccarin,ABC Publishers
44979795,Marcelo Baccarin,ABC Publishers
45053258,Marcelo Baccarin,ABC Publishers
45054804,Marcelo Baccarin,ABC Publishers
45054805,Marcelo Baccarin,ABC Publishers
45054806,Marcelo Baccarin,ABC Publishers
45056498,Marcelo Baccarin,ABC Publishers
45056928,Marcelo Baccarin,ABC Publishers
45138408,Marcelo Baccarin,ABC Publishers
45139669,Marcelo Baccarin,ABC Publishers
45142470,Marcelo Baccarin,ABC Publishers
45144160,Marcelo Baccarin,ABC Publishers
45688832,Marcelo Baccarin,ABC Publishers
45691278,Marcelo Baccarin,ABC Publishers
45691769,Marcelo Baccarin,ABC Publishers
45691770,Marcelo Baccarin,ABC Publishers
45758419,Marcelo Baccarin,ABC Publishers
45758423,Marcelo Baccarin,ABC Publishers
45758455,Marcelo Baccarin,ABC Publishers
45758502,Marcelo Baccarin,ABC Publishers
45760902,Marcelo Baccarin,ABC Publishers
45760903,Marcelo Baccarin,ABC Publishers
45761484,Marcelo Baccarin,ABC Publishers
45762395,Marcelo Baccarin,ABC Publishers
45844056,Marcelo Baccarin,ABC Publishers
45964746,Marcelo Baccarin,ABC Publishers
45965538,Marcelo Baccarin,ABC Publishers
45965545,Marcelo Baccarin,ABC Publishers
45965731,Marcelo Baccarin,ABC Publishers
45965735,Marcelo Baccarin,ABC Publishers
45965736,Marcelo Baccarin,ABC Publishers
45967224,Marcelo Baccarin,ABC Publishers
45967249,Marcelo Baccarin,ABC Publishers
45969123,Marcelo Baccarin,ABC Publishers
45969563,Marcelo Baccarin,ABC Publishers
46036188,Marcelo Baccarin,ABC Publishers
46037704,Marcelo Baccarin,ABC Publishers
46038182,Marcelo Baccarin,ABC Publishers
46038212,Marcelo Baccarin,ABC Publishers
46098123,Marcelo Baccarin,ABC Publishers
46127269,Marcelo Baccarin,ABC Publishers
46128124,Marcelo Baccarin,ABC Publishers
46128126,Marcelo Baccarin,ABC Publishers
46128173,Marcelo Baccarin,ABC Publishers
46128304,Marcelo Baccarin,ABC Publishers
46129880,Marcelo Baccarin,ABC Publishers
46129881,Marcelo Baccarin,ABC Publishers
46130544,Marcelo Baccarin,ABC Publishers
46130902,Marcelo Baccarin,ABC Publishers
46130904,Marcelo Baccarin,ABC Publishers
46130906,Marcelo Baccarin,ABC Publishers
46130908,Marcelo Baccarin,ABC Publishers
46130914,Marcelo Baccarin,ABC Publishers
46130915,Marcelo Baccarin,ABC Publishers
46130917,Marcelo Baccarin,ABC Publishers
46223982,Marcelo Baccarin,ABC Publishers
46225737,Marcelo Baccarin,ABC Publishers
46226114,Marcelo Baccarin,ABC Publishers
46324909,Marcelo Baccarin,ABC Publishers
46325094,Marcelo Baccarin,ABC Publishers
46325785,Marcelo Baccarin,ABC Publishers
46325786,Marcelo Baccarin,ABC Publishers
46325787,Marcelo Baccarin,ABC Publishers
46325788,Marcelo Baccarin,ABC Publishers
46325789,Marcelo Baccarin,ABC Publishers
46327047,Marcelo Baccarin,ABC Publishers
46327379,Marcelo Baccarin,ABC Publishers
46421649,Marcelo Baccarin,ABC Publishers
46422678,Marcelo Baccarin,ABC Publishers
46422679,Marcelo Baccarin,ABC Publishers
46423397,Marcelo Baccarin,ABC Publishers
46506169,Marcelo Baccarin,ABC Publishers
46506398,Marcelo Baccarin,ABC Publishers
46506466,Marcelo Baccarin,ABC Publishers
46506747,Yvonne Baker De Altamirano,Macmilllan
46506748,Yvonne Baker De Altamirano,Macmilllan
46506842,Yvonne Baker De Altamirano,Macmilllan
46507540,Yvonne Baker De Altamirano,Macmilllan
46507541,Yvonne Baker De Altamirano,Macmilllan
46507542,Yvonne Baker De Altamirano,Macmilllan
46508150,Yvonne Baker De Altamirano,Macmilllan
46508155,Yvonne Baker De Altamirano,Macmilllan
46509141,Yvonne Baker De Altamirano,Macmilllan
46509257,Yvonne Baker De Altamirano,Macmilllan
46510194,Yvonne Baker De Altamirano,Macmilllan
46554588,Yvonne Baker De Altamirano,Macmilllan
46554597,Yvonne Baker De Altamirano,Macmilllan
46554599,Yvonne Baker De Altamirano,Macmilllan
46554604,Yvonne Baker De Altamirano,Macmilllan
46587878,Yvonne Baker De Altamirano,Macmilllan
46590259,Yvonne Baker De Altamirano,Macmilllan
46590260,Yvonne Baker De Altamirano,Macmilllan
46591059,Yvonne Baker De Altamirano,Macmilllan
46591237,Yvonne Baker De Altamirano,Macmilllan
46620067,Yvonne Baker De Altamirano,Macmilllan
46680574,Yvonne Baker De Altamirano,Macmilllan
46681239,Yvonne Baker De Altamirano,Macmilllan
46681737,Yvonne Baker De Altamirano,Macmilllan
46681739,Yvonne Baker De Altamirano,Macmilllan
46716306,Yvonne Baker De Altamirano,Macmilllan
46716308,Yvonne Baker De Altamirano,Macmilllan
46716309,Yvonne Baker De Altamirano,Macmilllan
46716310,Yvonne Baker De Altamirano,Macmilllan
46716311,Yvonne Baker De Altamirano,Macmilllan
46716312,Yvonne Baker De Altamirano,Macmilllan
46716313,Yvonne Baker De Altamirano,Macmilllan
46716314,Yvonne Baker De Altamirano,Macmilllan
46716315,Yvonne Baker De Altamirano,Macmilllan
46716316,Yvonne Baker De Altamirano,Macmilllan
46716317,Yvonne Baker De Altamirano,Macmilllan
46716318,Yvonne Baker De Altamirano,Macmilllan
46716319,Yvonne Baker De Altamirano,Macmilllan
46716320,Yvonne Baker De Altamirano,Macmilllan
46716321,Yvonne Baker De Altamirano,Macmilllan
46716323,Yvonne Baker De Altamirano,Macmilllan
46716324,Yvonne Baker De Altamirano,Macmilllan
46716325,Yvonne Baker De Altamirano,Macmilllan
46716326,Yvonne Baker De Altamirano,Macmilllan
46716327,Yvonne Baker De Altamirano,Macmilllan
46716328,Yvonne Baker De Altamirano,Macmilllan
46716329,Yvonne Baker De Altamirano,Macmilllan
46716330,Yvonne Baker De Altamirano,Macmilllan
46716331,Yvonne Baker De Altamirano,Macmilllan
46716332,Yvonne Baker De Altamirano,Macmilllan
46716335,Yvonne Baker De Altamirano,Macmilllan
46716336,Yvonne Baker De Altamirano,Macmilllan
46716338,Yvonne Baker De Altamirano,Macmilllan
46716339,Yvonne Baker De Altamirano,Macmilllan
46716340,Yvonne Baker De Altamirano,Macmilllan
46716344,Yvonne Baker De Altamirano,Macmilllan
46716345,Yvonne Baker De Altamirano,Macmilllan
46716346,Yvonne Baker De Altamirano,Macmilllan
46716347,Yvonne Baker De Altamirano,Macmilllan
46716348,Yvonne Baker De Altamirano,Macmilllan
46716349,Yvonne Baker De Altamirano,Macmilllan
46716350,Yvonne Baker De Altamirano,Macmilllan
46716351,Yvonne Baker De Altamirano,Macmilllan
46716438,Yvonne Baker De Altamirano,Macmilllan
46716439,Yvonne Baker De Altamirano,Macmilllan
46716440,Yvonne Baker De Altamirano,Macmilllan
46727563,Yvonne Baker De Altamirano,Macmilllan
46727568,Yvonne Baker De Altamirano,Macmilllan
46765810,Yvonne Baker De Altamirano,Macmilllan
46765971,Yvonne Baker De Altamirano,Macmilllan
46769284,Yvonne Baker De Altamirano,Macmilllan
46848749,Yvonne Baker De Altamirano,Macmilllan
46848766,Yvonne Baker De Altamirano,Macmilllan
46848867,Yvonne Baker De Altamirano,Macmilllan
46849723,Yvonne Baker De Altamirano,Macmilllan
46849724,Yvonne Baker De Altamirano,Macmilllan
46850219,Yvonne Baker De Altamirano,Macmilllan
46851111,Yvonne Baker De Altamirano,Macmilllan
46851151,Yvonne Baker De Altamirano,Macmilllan
46926685,Yvonne Baker De Altamirano,Macmilllan
46926985,Yvonne Baker De Altamirano,Macmilllan
47046004,Yvonne Baker De Altamirano,Macmilllan
47046156,Yvonne Baker De Altamirano,Macmilllan
47046698,Yvonne Baker De Altamirano,Macmilllan
47047236,Yvonne Baker De Altamirano,Macmilllan
47048659,Yvonne Baker De Altamirano,Macmilllan
47049035,Yvonne Baker De Altamirano,Macmilllan
47049037,Yvonne Baker De Altamirano,Macmilllan
47090204,Yvonne Baker De Altamirano,Macmilllan
47090205,Yvonne Baker De Altamirano,Macmilllan
47140522,Yvonne Baker De Altamirano,Macmilllan
47140533,Yvonne Baker De Altamirano,Macmilllan
47141311,Yvonne Baker De Altamirano,Macmilllan
47141322,Yvonne Baker De Altamirano,Macmilllan
47142300,Yvonne Baker De Altamirano,Macmilllan
47142384,Yvonne Baker De Altamirano,Macmilllan
47210739,Yvonne Baker De Altamirano,Macmilllan
47321247,Yvonne Baker De Altamirano,Macmilllan
47322024,Yvonne Baker De Altamirano,Macmilllan
47324201,Yvonne Baker De Altamirano,Macmilllan
46506747,Yvonne Baker De Altamirano,Macmilllan
46506748,Yvonne Baker De Altamirano,Macmilllan
46506842,Yvonne Baker De Altamirano,Macmilllan
46507540,Yvonne Baker De Altamirano,Macmilllan
46507541,Yvonne Baker De Altamirano,Macmilllan
46507542,Yvonne Baker De Altamirano,Macmilllan
46508150,Yvonne Baker De Altamirano,Macmilllan
46508155,Yvonne Baker De Altamirano,Macmilllan
46509141,Yvonne Baker De Altamirano,Macmilllan
46509257,Yvonne Baker De Altamirano,Macmilllan
46510194,Yvonne Baker De Altamirano,Macmilllan
46554588,Yvonne Baker De Altamirano,Macmilllan
46554597,Yvonne Baker De Altamirano,Macmilllan
46554599,Yvonne Baker De Altamirano,Macmilllan
46554604,Yvonne Baker De Altamirano,Macmilllan
46587878,Yvonne Baker De Altamirano,Macmilllan
46590259,Yvonne Baker De Altamirano,Macmilllan
46590260,Yvonne Baker De Altamirano,Macmilllan
46591059,Yvonne Baker De Altamirano,Macmilllan
46591237,Yvonne Baker De Altamirano,Macmilllan
46620067,Yvonne Baker De Altamirano,Macmilllan
46680574,Yvonne Baker De Altamirano,Macmilllan
46681239,Yvonne Baker De Altamirano,Macmilllan
46681737,Yvonne Baker De Altamirano,Macmilllan
46681739,Yvonne Baker De Altamirano,Macmilllan
46716306,Yvonne Baker De Altamirano,Macmilllan
46716308,Yvonne Baker De Altamirano,Macmilllan
46716309,Yvonne Baker De Altamirano,Macmilllan
46716310,Yvonne Baker De Altamirano,Macmilllan
46716311,Yvonne Baker De Altamirano,Macmilllan
46716312,Yvonne Baker De Altamirano,Macmilllan
46716313,Yvonne Baker De Altamirano,Macmilllan
46716314,Yvonne Baker De Altamirano,Macmilllan
46716315,Yvonne Baker De Altamirano,Macmilllan
46716316,Yvonne Baker De Altamirano,Macmilllan
46716317,Yvonne Baker De Altamirano,Macmilllan
46716318,Yvonne Baker De Altamirano,Macmilllan
46716319,Yvonne Baker De Altamirano,Macmilllan
46716320,Yvonne Baker De Altamirano,Macmilllan
46716321,Yvonne Baker De Altamirano,Macmilllan
46716323,Yvonne Baker De Altamirano,Macmilllan
46716324,Yvonne Baker De Altamirano,Macmilllan
46716325,Yvonne Baker De Altamirano,Macmilllan
46716326,Yvonne Baker De Altamirano,Macmilllan
46716327,Yvonne Baker De Altamirano,Macmilllan
46716328,Yvonne Baker De Altamirano,Macmilllan
46716329,Yvonne Baker De Altamirano,Macmilllan
46716330,Yvonne Baker De Altamirano,Macmilllan
46716331,Yvonne Baker De Altamirano,Macmilllan
46716332,Yvonne Baker De Altamirano,Macmilllan
46716335,Yvonne Baker De Altamirano,Macmilllan
46716336,Yvonne Baker De Altamirano,Macmilllan
46716338,Yvonne Baker De Altamirano,Macmilllan
46716339,Yvonne Baker De Altamirano,Macmilllan
46716340,Yvonne Baker De Altamirano,Macmilllan
46716344,Yvonne Baker De Altamirano,Macmilllan
46716345,Yvonne Baker De Altamirano,Macmilllan
46716346,Yvonne Baker De Altamirano,Macmilllan
46716347,Yvonne Baker De Altamirano,Macmilllan
46716348,Yvonne Baker De Altamirano,Macmilllan
46716349,Yvonne Baker De Altamirano,Macmilllan
46716350,Yvonne Baker De Altamirano,Macmilllan
46716351,Yvonne Baker De Altamirano,Macmilllan
46716438,Yvonne Baker De Altamirano,Macmilllan
46716439,Yvonne Baker De Altamirano,Macmilllan
46716440,Yvonne Baker De Altamirano,Macmilllan
46727563,Yvonne Baker De Altamirano,Macmilllan
46727568,Yvonne Baker De Altamirano,Macmilllan
46765810,Yvonne Baker De Altamirano,Macmilllan
46765971,Yvonne Baker De Altamirano,Macmilllan
46769284,Yvonne Baker De Altamirano,Macmilllan
46848749,Yvonne Baker De Altamirano,Macmilllan
46848766,Yvonne Baker De Altamirano,Macmilllan
46848867,Yvonne Baker De Altamirano,Macmilllan
46849723,Yvonne Baker De Altamirano,Macmilllan
46849724,Yvonne Baker De Altamirano,Macmilllan
46850219,Yvonne Baker De Altamirano,Macmilllan
46851111,Yvonne Baker De Altamirano,Macmilllan
46851151,Yvonne Baker De Altamirano,Macmilllan
46926685,Yvonne Baker De Altamirano,Macmilllan
46926985,Yvonne Baker De Altamirano,Macmilllan
47046004,Yvonne Baker De Altamirano,Macmilllan
47046156,Yvonne Baker De Altamirano,Macmilllan
47046698,Yvonne Baker De Altamirano,Macmilllan
47047236,Yvonne Baker De Altamirano,Macmilllan
47048659,Yvonne Baker De Altamirano,Macmilllan
47049035,Yvonne Baker De Altamirano,Macmilllan
47049037,Yvonne Baker De Altamirano,Macmilllan
47090204,Yvonne Baker De Altamirano,Macmilllan
47090205,Yvonne Baker De Altamirano,Macmilllan
47140522,Yvonne Baker De Altamirano,Macmilllan
47140533,Yvonne Baker De Altamirano,Macmilllan
47141311,Yvonne Baker De Altamirano,Macmilllan
47141322,Yvonne Baker De Altamirano,Macmilllan
47142300,Yvonne Baker De Altamirano,Macmilllan
47142384,Yvonne Baker De Altamirano,Macmilllan
47210739,Yvonne Baker De Altamirano,Macmilllan
47321247,Yvonne Baker De Altamirano,Macmilllan
47322024,Yvonne Baker De Altamirano,Macmilllan
47324201,Yvonne Baker De Altamirano,Macmilllan
47402847,Yvonne Baker De Altamirano,Macmilllan
47403117,Yvonne Baker De Altamirano,Macmilllan
47450309,Yvonne Baker De Altamirano,Macmilllan
47451104,Yvonne Baker De Altamirano,Macmilllan
47453159,Yvonne Baker De Altamirano,Macmilllan
47454516,Yvonne Baker De Altamirano,Macmilllan
47455170,Yvonne Baker De Altamirano,Macmilllan
47474194,Yvonne Baker De Altamirano,Macmilllan
47476841,Yvonne Baker De Altamirano,Macmilllan
47478226,Yvonne Baker De Altamirano,Macmilllan
47478992,Yvonne Baker De Altamirano,Macmilllan
47479808,Yvonne Baker De Altamirano,Macmilllan
47479884,Yvonne Baker De Altamirano,Macmilllan
47587260,Yvonne Baker De Altamirano,Macmilllan
47603218,Yvonne Baker De Altamirano,Macmilllan
47611365,Yvonne Baker De Altamirano,Macmilllan
47612930,Yvonne Baker De Altamirano,Macmilllan
47695928,Yvonne Baker De Altamirano,Macmilllan
47697087,Yvonne Baker De Altamirano,Macmilllan
47697715,Yvonne Baker De Altamirano,Macmilllan
47698258,Yvonne Baker De Altamirano,Macmilllan
47698373,Yvonne Baker De Altamirano,Macmilllan
47698887,Yvonne Baker De Altamirano,Macmilllan
47698889,Yvonne Baker De Altamirano,Macmilllan
47698890,Yvonne Baker De Altamirano,Macmilllan
47699902,Yvonne Baker De Altamirano,Macmilllan
47858204,Yvonne Baker De Altamirano,Macmilllan
47873707,Yvonne Baker De Altamirano,Macmilllan
47873738,Yvonne Baker De Altamirano,Macmilllan
47873890,Yvonne Baker De Altamirano,Macmilllan
47875774,Yvonne Baker De Altamirano,Macmilllan
47875974,Yvonne Baker De Altamirano,Macmilllan
47876008,Yvonne Baker De Altamirano,Macmilllan
47876009,Yvonne Baker De Altamirano,Macmilllan
47877035,Yvonne Baker De Altamirano,Macmilllan
47877347,Yvonne Baker De Altamirano,Macmilllan
48159498,Yvonne Baker De Altamirano,Macmilllan
48160273,Yvonne Baker De Altamirano,Macmilllan
48160274,Yvonne Baker De Altamirano,Macmilllan
48160405,Yvonne Baker De Altamirano,Macmilllan
48160409,Yvonne Baker De Altamirano,Macmilllan
48160411,Yvonne Baker De Altamirano,Macmilllan
48161220,Yvonne Baker De Altamirano,Macmilllan
48449042,Yvonne Baker De Altamirano,Macmilllan
48449266,Yvonne Baker De Altamirano,Macmilllan
48450091,Yvonne Baker De Altamirano,Macmilllan
48450093,Yvonne Baker De Altamirano,Macmilllan
48450094,Yvonne Baker De Altamirano,Macmilllan
48450919,Yvonne Baker De Altamirano,Macmilllan
48546466,Yvonne Baker De Altamirano,Macmilllan
48546609,Yvonne Baker De Altamirano,Macmilllan
48546799,Yvonne Baker De Altamirano,Macmilllan
48546908,Yvonne Baker De Altamirano,Macmilllan
48546922,Yvonne Baker De Altamirano,Macmilllan
48546996,Yvonne Baker De Altamirano,Macmilllan
48546999,Yvonne Baker De Altamirano,Macmilllan
48547032,Yvonne Baker De Altamirano,Macmilllan
48547288,Yvonne Baker De Altamirano,Macmilllan
48547307,Yvonne Baker De Altamirano,Macmilllan
48547533,Yvonne Baker De Altamirano,Macmilllan
48547661,Yvonne Baker De Altamirano,Macmilllan
48547999,Yvonne Baker De Altamirano,Macmilllan
48548081,Yvonne Baker De Altamirano,Macmilllan
48548357,Yvonne Baker De Altamirano,Macmilllan
48548371,Yvonne Baker De Altamirano,Macmilllan
48548536,Yvonne Baker De Altamirano,Macmilllan
48548564,Yvonne Baker De Altamirano,Macmilllan
48548741,Yvonne Baker De Altamirano,Macmilllan
48548791,Yvonne Baker De Altamirano,Macmilllan
48548868,Yvonne Baker De Altamirano,Macmilllan
48548892,Yvonne Baker De Altamirano,Macmilllan
48548960,Yvonne Baker De Altamirano,Macmilllan
48548992,Yvonne Baker De Altamirano,Macmilllan
48549010,Yvonne Baker De Altamirano,Macmilllan
48549014,Yvonne Baker De Altamirano,Macmilllan
48549196,Yvonne Baker De Altamirano,Macmilllan
48549474,Yvonne Baker De Altamirano,Macmilllan
48549485,Yvonne Baker De Altamirano,Macmilllan
48549488,Yvonne Baker De Altamirano,Macmilllan
48549502,Yvonne Baker De Altamirano,Macmilllan
48549732,Yvonne Baker De Altamirano,Macmilllan
48549741,Yvonne Baker De Altamirano,Macmilllan
48549775,Yvonne Baker De Altamirano,Macmilllan
48549911,Yvonne Baker De Altamirano,Macmilllan
48550165,Yvonne Baker De Altamirano,Macmilllan
48553713,Yvonne Baker De Altamirano,Macmilllan
48553786,Yvonne Baker De Altamirano,Macmilllan
48553908,Yvonne Baker De Altamirano,Macmilllan
48554916,Yvonne Baker De Altamirano,Macmilllan
48554999,Yvonne Baker De Altamirano,Macmilllan
48555089,Yvonne Baker De Altamirano,Macmilllan
48555216,Yvonne Baker De Altamirano,Macmilllan
48555219,Yvonne Baker De Altamirano,Macmilllan
48555220,Yvonne Baker De Altamirano,Macmilllan
48555283,Yvonne Baker De Altamirano,Macmilllan
48555391,Yvonne Baker De Altamirano,Macmilllan
48555592,Yvonne Baker De Altamirano,Macmilllan
48555629,Yvonne Baker De Altamirano,Macmilllan
48556037,Yvonne Baker De Altamirano,Macmilllan
48556048,Yvonne Baker De Altamirano,Macmilllan
48556060,Yvonne Baker De Altamirano,Macmilllan
48556105,Yvonne Baker De Altamirano,Macmilllan
48556211,Yvonne Baker De Altamirano,Macmilllan
48556312,Yvonne Baker De Altamirano,Macmilllan
48556365,Yvonne Baker De Altamirano,Macmilllan
48584194,Yvonne Baker De Altamirano,Macmilllan
48584780,Yvonne Baker De Altamirano,Macmilllan
48584827,Yvonne Baker De Altamirano,Macmilllan
48584953,Yvonne Baker De Altamirano,Macmilllan
48585018,Yvonne Baker De Altamirano,Macmilllan
48585135,Yvonne Baker De Altamirano,Macmilllan
48591012,Yvonne Baker De Altamirano,Macmilllan
48591211,Yvonne Baker De Altamirano,Macmilllan
48593091,Yvonne Baker De Altamirano,Macmilllan
48594117,Yvonne Baker De Altamirano,Macmilllan
48596199,Yvonne Baker De Altamirano,Macmilllan
48597294,Yvonne Baker De Altamirano,Macmilllan
48597298,Yvonne Baker De Altamirano,Macmilllan
48597308,Yvonne Baker De Altamirano,Macmilllan
48597373,Yvonne Baker De Altamirano,Macmilllan
48598416,Yvonne Baker De Altamirano,Macmilllan
48598420,Yvonne Baker De Altamirano,Macmilllan
48598448,Yvonne Baker De Altamirano,Macmilllan
48598560,Yvonne Baker De Altamirano,Macmilllan
48598790,Yvonne Baker De Altamirano,Macmilllan
48598806,Yvonne Baker De Altamirano,Macmilllan
48598904,Yvonne Baker De Altamirano,Macmilllan
48599223,Yvonne Baker De Altamirano,Macmilllan
48599252,Yvonne Baker De Altamirano,Macmilllan
48599632,Yvonne Baker De Altamirano,Macmilllan
48613782,Yvonne Baker De Altamirano,Macmilllan
48617930,Yvonne Baker De Altamirano,Macmilllan
48635348,Yvonne Baker De Altamirano,Macmilllan
48637388,Yvonne Baker De Altamirano,Macmilllan
48637465,Yvonne Baker De Altamirano,Macmilllan
48637951,Yvonne Baker De Altamirano,Macmilllan
48637957,Yvonne Baker De Altamirano,Macmilllan
48638471,Yvonne Baker De Altamirano,Macmilllan
48640410,Yvonne Baker De Altamirano,Macmilllan
48640413,Yvonne Baker De Altamirano,Macmilllan
48681509,Yvonne Baker De Altamirano,Macmilllan
48681562,Yvonne Baker De Altamirano,Macmilllan
48681563,Yvonne Baker De Altamirano,Macmilllan
48681780,Yvonne Baker De Altamirano,Macmilllan
48725950,Yvonne Baker De Altamirano,Macmilllan
48725951,Yvonne Baker De Altamirano,Macmilllan
48726736,Yvonne Baker De Altamirano,Macmilllan
48727280,Yvonne Baker De Altamirano,Macmilllan
48806989,Yvonne Baker De Altamirano,Macmilllan
48806994,Yvonne Baker De Altamirano,Macmilllan
48807009,Yvonne Baker De Altamirano,Macmilllan
48807064,Yvonne Baker De Altamirano,Macmilllan
48812117,Yvonne Baker De Altamirano,Macmilllan
48926128,Yvonne Baker De Altamirano,Macmilllan
48926427,Yvonne Baker De Altamirano,Macmilllan
48926429,Yvonne Baker De Altamirano,Macmilllan
48927257,Yvonne Baker De Altamirano,Macmilllan
48928244,Yvonne Baker De Altamirano,Macmilllan
48930126,Yvonne Baker De Altamirano,Macmilllan
48930509,Yvonne Baker De Altamirano,Macmilllan
48930511,Yvonne Baker De Altamirano,Macmilllan
48930549,Yvonne Baker De Altamirano,Macmilllan
49009943,Yvonne Baker De Altamirano,Macmilllan
49010022,Yvonne Baker De Altamirano,Macmilllan
49011090,Yvonne Baker De Altamirano,Macmilllan
49012482,Yvonne Baker De Altamirano,Macmilllan
49012483,Yvonne Baker De Altamirano,Macmilllan
49012725,Yvonne Baker De Altamirano,Macmilllan
49012726,Yvonne Baker De Altamirano,Macmilllan
49012727,Yvonne Baker De Altamirano,Macmilllan
49012728,Yvonne Baker De Altamirano,Macmilllan
49118875,Yvonne Baker De Altamirano,Macmilllan
49118945,Yvonne Baker De Altamirano,Macmilllan
49121153,Yvonne Baker De Altamirano,Macmilllan
49121224,Yvonne Baker De Altamirano,Macmilllan
49206696,Yvonne Baker De Altamirano,Macmilllan
49207517,Yvonne Baker De Altamirano,Macmilllan
49208031,Yvonne Baker De Altamirano,Macmilllan
49289071,Yvonne Baker De Altamirano,Macmilllan
49291127,Yvonne Baker De Altamirano,Macmilllan
49309311,Yvonne Baker De Altamirano,Macmilllan
49309616,Yvonne Baker De Altamirano,Macmilllan
49309746,Yvonne Baker De Altamirano,Macmilllan
49312042,Yvonne Baker De Altamirano,Macmilllan
49312076,Yvonne Baker De Altamirano,Macmilllan
49334455,Yvonne Baker De Altamirano,Macmilllan
49334456,Yvonne Baker De Altamirano,Macmilllan
49334546,Yvonne Baker De Altamirano,Macmilllan
49354818,Yvonne Baker De Altamirano,Macmilllan
49523853,Yvonne Baker De Altamirano,Macmilllan
49524415,Yvonne Baker De Altamirano,Macmilllan
49524435,Yvonne Baker De Altamirano,Macmilllan
49524763,Yvonne Baker De Altamirano,Macmilllan
49524862,Yvonne Baker De Altamirano,Macmilllan
49525395,Yvonne Baker De Altamirano,Macmilllan
49525396,Yvonne Baker De Altamirano,Macmilllan
49525398,Yvonne Baker De Altamirano,Macmilllan
49528724,Yvonne Baker De Altamirano,Macmilllan
49576139,Yvonne Baker De Altamirano,Macmilllan
49576156,Yvonne Baker De Altamirano,Macmilllan
49620534,Lida Baker,ABC Publishers
49620641,Lida Baker,ABC Publishers
49679773,Lida Baker,ABC Publishers
49679788,Lida Baker,ABC Publishers
49679789,Lida Baker,ABC Publishers
49679797,Lida Baker,ABC Publishers
49679800,Lida Baker,ABC Publishers
49679807,Lida Baker,ABC Publishers
49679808,Lida Baker,ABC Publishers
49679809,Lida Baker,ABC Publishers
49680085,Lida Baker,ABC Publishers
49680087,Lida Baker,ABC Publishers
49680090,Lida Baker,ABC Publishers
49680093,Lida Baker,ABC Publishers
49680099,Lida Baker,ABC Publishers
49680119,Lida Baker,ABC Publishers
49680129,Lida Baker,ABC Publishers
49680132,Lida Baker,ABC Publishers
49740295,Lida Baker,ABC Publishers
49740296,Lida Baker,ABC Publishers
49740297,Lida Baker,ABC Publishers
49740298,Lida Baker,ABC Publishers
49740300,Lida Baker,ABC Publishers
49741578,Lida Baker,ABC Publishers
49742282,Lida Baker,ABC Publishers
49742284,Lida Baker,ABC Publishers
49742610,Lida Baker,ABC Publishers
49743303,Lida Baker,ABC Publishers
49743304,Lida Baker,ABC Publishers
49743305,Lida Baker,ABC Publishers
49743395,Lida Baker,ABC Publishers
49743498,Lida Baker,ABC Publishers
49744004,Lida Baker,ABC Publishers
49744299,Lida Baker,ABC Publishers
49744400,Lida Baker,ABC Publishers
49744401,Lida Baker,ABC Publishers
49744483,Lida Baker,ABC Publishers
49744674,Lida Baker,ABC Publishers
49841372,Lida Baker,ABC Publishers
49841373,Lida Baker,ABC Publishers
49841427,Lida Baker,ABC Publishers
49841437,Lida Baker,ABC Publishers
49841455,Lida Baker,ABC Publishers
49841494,Lida Baker,ABC Publishers
49841528,Lida Baker,ABC Publishers
49841547,Lida Baker,ABC Publishers
49841625,Lida Baker,ABC Publishers
49841637,Lida Baker,ABC Publishers
49841669,Lida Baker,ABC Publishers
49841932,Lida Baker,ABC Publishers
49841948,Lida Baker,ABC Publishers
49841956,Lida Baker,ABC Publishers
49841972,Lida Baker,ABC Publishers
49842036,Lida Baker,ABC Publishers
49842076,Lida Baker,ABC Publishers
49842079,Lida Baker,ABC Publishers
49842081,Lida Baker,ABC Publishers
49842103,Lida Baker,ABC Publishers
49842105,Lida Baker,ABC Publishers
49842128,Lida Baker,ABC Publishers
49842211,Lida Baker,ABC Publishers
49842225,Lida Baker,ABC Publishers
49842227,Lida Baker,ABC Publishers
49842248,Lida Baker,ABC Publishers
49842249,Lida Baker,ABC Publishers
49842265,Lida Baker,ABC Publishers
49842337,Lida Baker,ABC Publishers
49842365,Lida Baker,ABC Publishers
49842407,Lida Baker,ABC Publishers
49842455,Lida Baker,ABC Publishers
49842471,Lida Baker,ABC Publishers
49842553,Lida Baker,ABC Publishers
49842555,Lida Baker,ABC Publishers
49842557,Lida Baker,ABC Publishers
49842558,Lida Baker,ABC Publishers
49842570,Lida Baker,ABC Publishers
49842613,Lida Baker,ABC Publishers
49842646,Lida Baker,ABC Publishers
49842650,Lida Baker,ABC Publishers
49842661,Lida Baker,ABC Publishers
49842664,Lida Baker,ABC Publishers
49842691,Lida Baker,ABC Publishers
49842712,Lida Baker,ABC Publishers
49842781,Lida Baker,ABC Publishers
49842875,Lida Baker,ABC Publishers
49842980,Lida Baker,ABC Publishers
49843016,Lida Baker,ABC Publishers
49877795,Lida Baker,ABC Publishers
49877796,Lida Baker,ABC Publishers
49877805,Lida Baker,ABC Publishers
49880102,Lida Baker,ABC Publishers
49907594,Lida Baker,ABC Publishers
49907655,Lida Baker,ABC Publishers
49907674,Lida Baker,ABC Publishers
49907712,Lida Baker,ABC Publishers
49907715,Lida Baker,ABC Publishers
49907719,Lida Baker,ABC Publishers
49907740,Lida Baker,ABC Publishers
49907742,Lida Baker,ABC Publishers
49907751,Lida Baker,ABC Publishers
49907789,Angela Bandis,ABC Publishers
49907804,Angela Bandis,ABC Publishers
49907829,Angela Bandis,ABC Publishers
49907833,Angela Bandis,ABC Publishers
49907837,Angela Bandis,ABC Publishers
49907849,Angela Bandis,ABC Publishers
49907851,Angela Bandis,ABC Publishers
49907859,Angela Bandis,ABC Publishers
49907867,Angela Bandis,ABC Publishers
49907869,Angela Bandis,ABC Publishers
49907872,Angela Bandis,ABC Publishers
49907873,Angela Bandis,ABC Publishers
49907883,Angela Bandis,ABC Publishers
49907912,Angela Bandis,ABC Publishers
49907920,Angela Bandis,ABC Publishers
49907921,Angela Bandis,ABC Publishers
49907938,Angela Bandis,ABC Publishers
49907954,Angela Bandis,ABC Publishers
49907970,Angela Bandis,ABC Publishers
49907981,Angela Bandis,ABC Publishers
49908009,Angela Bandis,ABC Publishers
49908028,Angela Bandis,ABC Publishers
49908036,Angela Bandis,ABC Publishers
49908142,Angela Bandis,ABC Publishers
49908146,Angela Bandis,ABC Publishers
49908166,Angela Bandis,ABC Publishers
49908170,Angela Bandis,ABC Publishers
49908181,Angela Bandis,ABC Publishers
49908227,Angela Bandis,ABC Publishers
49908268,Angela Bandis,ABC Publishers
49908351,Angela Bandis,ABC Publishers
49908358,Angela Bandis,ABC Publishers
49908378,Angela Bandis,ABC Publishers
49908390,Angela Bandis,ABC Publishers
49908412,Angela Bandis,ABC Publishers
49908431,Angela Bandis,ABC Publishers
49908433,Angela Bandis,ABC Publishers
49908436,Angela Bandis,ABC Publishers
49908447,Angela Bandis,ABC Publishers
49908472,Angela Bandis,ABC Publishers
49908499,Angela Bandis,ABC Publishers
49908510,Angela Bandis,ABC Publishers
49908516,Angela Bandis,ABC Publishers
49908525,Angela Bandis,ABC Publishers
49908537,Angela Bandis,ABC Publishers
49908544,Angela Bandis,ABC Publishers
49908618,Angela Bandis,ABC Publishers
49908630,Angela Bandis,ABC Publishers
49908673,Angela Bandis,ABC Publishers
49908714,Angela Bandis,ABC Publishers
49908719,Angela Bandis,ABC Publishers
49908756,Angela Bandis,ABC Publishers
49908763,Angela Bandis,ABC Publishers
49908771,Angela Bandis,ABC Publishers
49908787,Angela Bandis,ABC Publishers
49908802,Angela Bandis,ABC Publishers
49908810,Angela Bandis,ABC Publishers
49908822,Angela Bandis,ABC Publishers
49908841,Angela Bandis,ABC Publishers
49908847,Angela Bandis,ABC Publishers
49908851,Angela Bandis,ABC Publishers
49908856,Angela Bandis,ABC Publishers
49908895,Angela Bandis,ABC Publishers
49908947,Angela Bandis,ABC Publishers
49908982,Angela Bandis,ABC Publishers
49918903,Angela Bandis,ABC Publishers
49918905,Angela Bandis,ABC Publishers
49918909,Angela Bandis,ABC Publishers
49918922,Angela Bandis,ABC Publishers
49918932,Angela Bandis,ABC Publishers
49918945,Angela Bandis,ABC Publishers
49918955,Angela Bandis,ABC Publishers
49918958,Angela Bandis,ABC Publishers
49918961,Angela Bandis,ABC Publishers
49918967,Angela Bandis,ABC Publishers
49941611,Angela Bandis,ABC Publishers
49942061,Angela Bandis,ABC Publishers
49942067,Angela Bandis,ABC Publishers
49942113,Angela Bandis,ABC Publishers
49942348,Angela Bandis,ABC Publishers
49942436,Angela Bandis,ABC Publishers
49942537,Angela Bandis,ABC Publishers
49942594,Angela Bandis,ABC Publishers
49978797,Angela Bandis,ABC Publishers
49979977,Angela Bandis,ABC Publishers
49980266,Angela Bandis,ABC Publishers
49980267,Angela Bandis,ABC Publishers
49980401,Angela Bandis,ABC Publishers
49980546,Angela Bandis,ABC Publishers
49983027,Angela Bandis,ABC Publishers
49983028,Angela Bandis,ABC Publishers
50015153,Angela Bandis,ABC Publishers
50015182,Angela Bandis,ABC Publishers
50015260,Angela Bandis,ABC Publishers
50015271,Angela Bandis,ABC Publishers
50015298,Angela Bandis,ABC Publishers
50015349,Angela Bandis,ABC Publishers
50015517,Angela Bandis,ABC Publishers
50016181,Angela Bandis,ABC Publishers
50019205,Angela Bandis,ABC Publishers
50019209,Martin Barge,Macmilllan
50019247,Martin Barge,Macmilllan
50019252,Martin Barge,Macmilllan
50019377,Martin Barge,Macmilllan
50019438,Martin Barge,Macmilllan
50019483,Martin Barge,Macmilllan
50019521,Martin Barge,Macmilllan
50019529,Martin Barge,Macmilllan
50019552,Martin Barge,Macmilllan
50019700,Martin Barge,Macmilllan
50020025,Martin Barge,Macmilllan
50020026,Martin Barge,Macmilllan
50020032,Martin Barge,Macmilllan
50020039,Martin Barge,Macmilllan
50020054,Martin Barge,Macmilllan
50020060,Martin Barge,Macmilllan
50034903,Martin Barge,Macmilllan
50035032,Martin Barge,Macmilllan
50035042,Martin Barge,Macmilllan
50035174,Martin Barge,Macmilllan
50036081,Martin Barge,Macmilllan
50036090,Martin Barge,Macmilllan
50036093,Martin Barge,Macmilllan
50036094,Martin Barge,Macmilllan
50036103,Martin Barge,Macmilllan
50036106,Martin Barge,Macmilllan
50088268,Martin Barge,Macmilllan
50089183,Martin Barge,Macmilllan
50090871,Martin Barge,Macmilllan
50090877,Martin Barge,Macmilllan
50091689,Martin Barge,Macmilllan
50091951,Martin Barge,Macmilllan
50092245,Martin Barge,Macmilllan
50092278,Martin Barge,Macmilllan
50092309,Martin Barge,Macmilllan
50180258,Martin Barge,Macmilllan
50181850,Martin Barge,Macmilllan
50191407,Martin Barge,Macmilllan
50250296,Martin Barge,Macmilllan
50253064,Martin Barge,Macmilllan
50253115,Martin Barge,Macmilllan
50553351,Martin Barge,Macmilllan
50553352,Martin Barge,Macmilllan
50632631,Martin Barge,Macmilllan
50655904,Martin Barge,Macmilllan
50655905,Martin Barge,Macmilllan
50655907,Martin Barge,Macmilllan
50655909,Martin Barge,Macmilllan
50655910,Martin Barge,Macmilllan
50655911,Martin Barge,Macmilllan
50655912,Martin Barge,Macmilllan
50655913,Martin Barge,Macmilllan
50655914,Martin Barge,Macmilllan
50655915,Martin Barge,Macmilllan
50655916,Martin Barge,Macmilllan
50655917,Martin Barge,Macmilllan
50655918,Martin Barge,Macmilllan
50720761,Martin Barge,Macmilllan
50721826,Martin Barge,Macmilllan
50818722,Martin Barge,Macmilllan
50818723,Martin Barge,Macmilllan
50818724,Martin Barge,Macmilllan
50818726,Martin Barge,Macmilllan
50818773,Martin Barge,Macmilllan
50818817,Martin Barge,Macmilllan
50818978,Martin Barge,Macmilllan
50818999,Martin Barge,Macmilllan
50819000,Martin Barge,Macmilllan
50819001,Martin Barge,Macmilllan
50819066,Martin Barge,Macmilllan
50819117,Martin Barge,Macmilllan
50819119,Martin Barge,Macmilllan
50819133,Martin Barge,Macmilllan
50819138,Martin Barge,Macmilllan
50819166,Martin Barge,Macmilllan
50819167,Martin Barge,Macmilllan
50819168,Martin Barge,Macmilllan
50819170,Martin Barge,Macmilllan
50819171,Martin Barge,Macmilllan
50819172,Martin Barge,Macmilllan
50845669,Martin Barge,Macmilllan
50846234,Martin Barge,Macmilllan
50846386,Martin Barge,Macmilllan
50846670,Martin Barge,Macmilllan
50846875,Martin Barge,Macmilllan
50847133,Martin Barge,Macmilllan
50848000,Martin Barge,Macmilllan
50849583,Martin Barge,Macmilllan
50849597,Martin Barge,Macmilllan
50852145,Martin Barge,Macmilllan
50912541,Martin Barge,Macmilllan
50913776,Martin Barge,Macmilllan
50972053,Martin Barge,Macmilllan
50973618,Martin Barge,Macmilllan
50973899,Martin Barge,Macmilllan
50973962,Martin Barge,Macmilllan
50974144,Martin Barge,Macmilllan
50974149,Martin Barge,Macmilllan
50974208,Martin Barge,Macmilllan
50974244,Martin Barge,Macmilllan
