﻿itemId,salePrice,name,stock,aisleId
428918,8.71,"Audubons Birds of America Coloring Book  Paperback   ? June 1, 1974 Multi-Colored",Available,4
429487,8.51,Geometrical Design Coloring Book,Available,4
2229013,17.77,The Culture Game,Available,4
3867745,5.99,My Own Very Quiet Cricket Coloring Book,Available,4
3876841,23.95,"The Power Of Limits: Proportional Harmonies In Nature, Art, And Architecture",Available,4
3910688,13.67,Simply Circular Designs Coloring Book,Not available,4
4530390,7.95,Landscape Drawing in Pencil,Available,4
4964659,12.31,Coloring Mandalas Adult Coloring Book: Circles of the Sacred Feminine,Available,4
4979489,16.99,The Artists Guide to Drawing Realistic Animals,Available,4
9132410,17.17,Watercolor Painting Outside the Lines: A Positive Approach to Negative Painting,Available,4
10572559,25.5,Richard Prince: 3rd Place,Not available,4
10711526,8.49,Pocket Doodles For Kids,Available,4
10725022,17.75,"The Big Book of Realistic Drawing Secrets: Easy Techniques for Drawing People, Animals, Flowers and Nature",Available,4
10850840,5.87,Old Testament Scenes Stained Glass Coloring Book,Not available,4
11042889,9.95,The Indie Rock Adult Coloring Book,Available,4
12532766,7.85,Manga: Learn to Draw Step by Step,Available,4
13011629,16.99,500 Manga Villains and Heroes,Available,4
13370204,15.94,Manga for the Beginner Shoujo: Everything You Need to Start Drawing the Most Popular Style of Japanese Comics,Available,4
15133332,7.47,Graffiti Art Adult Coloring Book,Available,4
17287469,12.96,Dragonart Color Workbook: Explore New Coloring Techniques,Available,4
17614581,3.09,Arabic Floral Patterns Coloring Book,Available,4
20448397,7.42,Coloring for Grown-ups: The Adult Activity Book,Available,4
20467184,3.11,Floral Designs Adult Coloring Book,Available,4
20529195,14.95,Horse Mandalas / Mandala Horses Adult Coloring Book: Coloring & Design Book,Available,4
20560414,14.95,Nature,Available,4
20705497,11.56,The Tattoo Adult Coloring Book,Available,4
20862246,4.78,Skyscapes,Available,4
21277786,15.63,Drawing Nature for the Absolute Beginner,Available,4
21756093,3.99,Fashions of the Roaring Twenties Coloring Book,Not available,4
21756145,6,Mosaic Masterpieces,Available,4
21973568,21.25,Draw Animals in Nature With Lee Hammond,Available,4
23078330,18.38,"Fantasy Fashion Art Studio: Creating Romantic Characters, Clothing and Costumes",Available,4
23081425,10.92,"Sakura Koi Coloring Brush Set, 6 Gray Color Set",Available,4
23565191,3.81,Beautiful Flower Arrangements Adult Coloring Book,Available,4
23565192,5.99,Japanese Kimono Designs,Available,4
23565193,5.99,Chinese Designs Adult Coloring Book,Available,4
23565195,4.59,African Designs Adult Coloring Book,Not available,4
23732992,12.95,Brandon Bird's Astonishing World of Art,Available,4
23781516,5.6,Impressionist Adult Coloring Book,Available,4
23781517,5.79,Victoriana Adult Coloring Book: A Delightful Selection of Vintage Patterns,Available,4
23781518,6.94,Tattoo Adult Coloring Book: A Fantastic Selection of Exciting Imagery,Available,4
23781520,6.23,Fairies Adult Coloring Book: Charming Pictures of the Sprites from Folklore,Available,4
23957703,5.8,Mandala Adult Coloring Book,Available,4
24054478,13.3,Sister Wendy on the Art of Christmas,Available,4
24057073,7.66,Coloring for Grown-ups Holiday Fun Book,Available,4
24522701,11.62,"The Mandala Adult Coloring Book: Inspire Creativity, Reduce Stress, and Bring Balance With 100 Mandala Coloring Pages",Available,4
24622644,21.62,Dover Coloring Box -- Dragons (Dover Fun Kits),Available,4
24622647,8.38,Dover Dover Coloring Box Kit,Available,4
24622648,8.99,Dover Dover Coloring Box Kit,Not available,4
24622649,9.19,Dover Dover Coloring Box Kit,Available,4
24622650,15.53,Dover Coloring Box Kit-Sea Life,Available,4
24629268,7.33,Dover Publications-Mystic Mandalas Coloring Book 3D,Available,4
24629272,6.5,Dover Publications Car Crazy 3-D Coloring Book,Available,4
24629273,9.08,Dover Publications Fairies 3-D Coloring Book,Not available,4
24629274,4.86,Dover Publications Sharks 3-D Coloring Book,Available,4
24629279,3.99,Creative Haven Crazy Paisley Adult Coloring Book,Available,4
24629280,6.5,Dover Publications Sealife Designs,Not available,4
24634164,9.26,Coloring & Activity Pad With Markers,Available,4
24634167,6.25,Coloring & Activity Pad With Markers,Not available,4
24634169,4.99,Coloring & Activity Pad With Markers,Not available,4
24634171,4.99,Coloring & Activity Pad With Markers,Available,4
24634697,7.45,"Dover Publications Stained Glass Coloring Books, Butterfly",Available,4
24642138,4.92,Arabesque Designs Adult Coloring Book,Available,4
24662224,4.92,Tessellation Patterns Adult Coloring Book,Available,4
24693848,16.48,Search Press Books Painting Watercolor Landscapes The Easy Way,Available,4
24828038,11.88,Geometric Designs Adult Coloring Book: Deluxe Edition 4 Books in 1,Available,4
24828166,8.94,Paisley Patterns Adult Coloring Book: Deluxe Edition 4 Books in 1,Available,4
24835080,12.58,Mandalas Adult Coloring Book: Deluxe Edition 4 Books in 1,Available,4
24835577,15.11,Flower Art Adult Coloring Book: Deluxe Edition 4 Books in 1,Available,4
25110249,6.31,"Islands, a Coloring Book for Adults: 30 Hand-Drawn Drawings",Available,4
25394116,10.99,Dover Dover Coloring Box Kit,Not available,4
25394120,7.53,Dover Dover Coloring Box Kit,Available,4
25658457,4.95,A Nutcracker Ballet Coloring Book,Available,4
25672360,3.99,German Picture Word Book,Available,4
25951606,2.94,Favorite Ballets Coloring Book,Available,4
26660336,9.99,The Art of Nature Adult Coloring Book: 60 Illustrations Inspired by Vintage Botanical and Scientific Prints,Available,4
26669425,12.34,Le Chateau Bidaine: Coloring Fun for Ages 8+ / Le Plaisir Du Coloriage Pour Les 8 ANS Et Plus,Available,4
27651532,7.8,"Walter Foster Creative Books, Watercolor Made Easy: Portraits",Not available,4
27651537,8.45,"Walter Foster Creative Books, Drawing Made Easy: Landscapes in Colored Pencil",Available,4
27974685,4.68,Arabic Patterns Adult Coloring Book,Available,4
28425203,8.86,Coloring Knights: Featuring the Artwork of Celebrated Illustrator Anne Yvonne Gilbert,Available,4
28429311,9.24,Coloring Paris: Featuring the Artwork of Celebrated Illustrator Tomislav Tomic,Available,4
28822565,6,The Jesus Comfort Quilt: A Coloring Book for Kids and Adults Grieving a Loss,Available,4
28984328,9.45,Just Lighten Up!: A Coloring Book for Children and Adults,Available,4
29047470,7.4,"Walter Foster Creative Books, Contemporary Watercolors",Available,4
29053714,6.77,"Dover Publications, I Love America Coloring Book",Available,4
29326047,35.26,Art & Ecology Now,Available,4
29452980,14.27,The Art Colouring Book 2,Available,4
29452982,11.61,The Art Colouring Book 1,Available,4
29456432,23.08,Painting Nature in Watercolor With Cathy Johnson: 37 Step-by-step Demonstrations Using Watercolor Pencil and Paint,Available,4
29647011,7.74,"Zenspirations Inspirations Designs to Feed Your Spirit: Create, Color, Pattern, Play!",Available,4
29647012,6.96,"Zenspirations Abstract & Geometric Designs: Create, Color, Pattern, Play!",Available,4
29647013,7.56,"Zenspirations Flowers: Create, Color, Pattern, Play!",Available,4
29719759,6,Zentangle 9: Color With Mixed Media,Available,4
30529699,4.23,Geometric Allover Patterns Adult Coloring Book,Available,4
30529702,6,Geometric Star Designs Adult Coloring Book,Available,4
30529703,5.34,Beautiful Butterfly Designs,Available,4
30529704,4.23,Tibetan Designs Adult Coloring Book,Available,4
31299872,9.95,Tattoo Activity Book,Available,4
33396251,72.99,"Stained Glass Coloring Book Assortment, 9pk",Available,4
33396953,7.36,"Coloring Placemats On the Farm, Pack of 10",Not available,4
33396955,7.36,"Coloring Placemats In the Kitchen, Pack of 10",Available,4
33396956,7.36,"Coloring Placemats On the Water, Pack of 10",Available,4
33396958,7.17,"Coloring Placemats In the Garden, Pack of 10",Not available,4
33433721,5.65,The Impossible Adult Coloring Book: Can You Color These Amazing Visual Illusions?,Not available,4
33433722,7.18,Mandalas Adult Coloring Book: Over 70 Fabulous Designs to Color in,Available,4
33433723,7.18,Stained Glass Adult Coloring Book: Beautiful Classic and Contemporary,Available,4
33456302,50.99,"Stained Glass Coloring Books, Pack of 6",Available,4
33547414,11.99,Doodle Invasion Adult Coloring Book: Zifflin's Coloring Book,Available,4
33938305,14.37,The Big Book of Mandalas Adult Coloring Book: More Than 200 Mandala Coloring Pages for Inner Peace and Inspiration,Available,4
33940409,4.78,Patchwork Quilt Designs,Available,4
33940455,4,Abstract Designs Adult Coloring Book,Available,4
33940467,4.63,Floral Tattoo Designs Adult Coloring Book,Available,4
33940473,4.78,Nature Fractals Adult Coloring Book,Available,4
33940492,4.06,Asian Tattoo Design Adult Coloring Book,Not available,4
33940493,5.09,Country Scenes Adult Coloring Book,Available,4
33940494,4.68,Hamsa Designs Adult Coloring Book,Available,4
33940496,4.63,Mexican Folk Art Adult Coloring Book,Available,4
33940497,3.09,Naturescapes Adult Coloring Book,Available,4
34528679,7.56,"Design Originals Zenspirations Adult Coloring Book, Flowers",Available,4
34528683,6.39,"Design Originals Zenspirations Adult Coloring Book, Inspirations",Available,4
35258687,4.78,Techellations,Available,4
35258688,4.78,Modern Mandalas Adult Coloring Book: A 3-dimensional Coloring Book,Available,4
35258689,4.78,Abstracts Adult Coloring Book: A 3-dimensional Coloring Book,Available,4
35650962,6.59,Dover Publications-Wonderful World Of Horses Coloring Book,Available,4
35650966,6.16,Dover Publications-Paisley Designs Coloring Book,Available,4
35742512,3.02,Dover Publications Little Horses Stained Glass Coloring Book,Available,4
36060339,4.63,"Dover Publications, Butterflies Coloring Book",Available,4
36060340,3.99,"Dover Publications, Deco Tech Geometric Coloring Book",Available,4
36060341,4.42,"Dover Publications, Decorative Tile Designs Coloring Book",Not available,4
36060342,6.16,Dover Publications-Dragons Coloring Book,Available,4
36060343,3.79,"Dover Publications, Dinosaur Coloring Book",Not available,4
36060344,3.46,"Dover Publications, Mystical Mandala Coloring Book",Not available,4
36060345,3.04,"Dover Publications, Magnificent Mosaics Coloring Book",Available,4
36556686,12.95,Coloring Birds Adult Coloring Book: Over 40 Delightful Pictures With Full Coloring Guides,Available,4
36556687,11.55,Coloring Flowers Adult Coloring Book,Available,4
36843044,4.78,Dynamic Designs,Available,4
36954841,7.99,Sugar Skulls Adult Coloring Book: Design and Coloring Book,Available,4
37277973,12.17,"Art Therapy Mandalas: 100 Designs, Colouring In and Meditation",Available,4
37279107,8.2,Coloring Animal Mandalas Adult Coloring Book,Available,4
37279506,9.09,"Draw 500 Things from Nature: A Sketchbook for Artists, Designers, and Doodlers",Available,4
37279532,12.79,Coloring Mandalas for Peace Adult Coloring Book,Available,4
37279533,13.31,Coloring Mandalas for Meditation Adult Coloring Book,Available,4
37283198,4.63,Vintage Christmas Greetings Adult Coloring Book,Available,4
38086980,5.63,Dover Publications: Wild Animals Coloring Book,Available,4
38086984,4.45,Dover Publications Garden Party Coloring Book,Not available,4
38086985,3.99,Dover Publications: Goddess Coloring Book,Not available,4
38086987,3.04,Dover Publications Around The World Coloring Book,Available,4
38086988,4.66,Dover Publications Audubon's Birds of America Coloring,Available,4
38086989,3.83,Dover Publications: Geometrical Design Coloring Book,Available,4
38086991,3.99,Dover Publications State Birds and Flowers Coloring Book,Not available,4
38086992,4.77,Dover Publications Kaleidoscopic Design Coloring Book,Available,4
38188318,3.08,Winterscapes Adult Coloring Book,Available,4
38408038,7.08,Day of the Dead Adult Coloring Book,Available,4
38408039,6.32,World Traveler Adult Coloring Book: 30 World Heritage Sites,Available,4
38412153,4.68,Creative Haven Winter Scenes,Available,4
38412156,3.35,Snowflake Designs Adult Coloring Book,Available,4
38810928,8.29,Mandalas Adult Coloring Book: Art Activity Pages to Relax and Enjoy!,Available,4
38810929,8.29,Inspirations Adult Coloring Book: Art Activity Pages to Relax and Enjoy!,Available,4
38810930,8.49,Animals Adult Coloring Book: Art Activity Pages to Relax and Enjoy!,Available,4
39393639,4.68,Kaleidoscope Designs Adult Coloring Book,Available,4
39535831,8.22,FunStitch Studio-Swirling Designs Coloring Book,Available,4
39535834,6.98,FunStitch Studio Whimsical Designs Coloring Book,Available,4
39538443,4.31,"Dover Publications, Art Nouveau Animal Designs",Available,4
39538450,4.31,"Dover Publications, Graphic Art Designs",Available,4
39538475,5.99,"Dover Publications, Butterflies Coloring Book 3D",Available,4
39538746,5.7,FunStitch Studio Doodle Designs Coloring Book,Available,4
39567168,3.47,Art Deco Fashions Adult Coloring Book,Available,4
39660526,8.87,PAL19 PBN Wolves 15x11-1/4 Multi-Colored,Available,4
40547807,7.99,"Design Originals, Nature Mandalas Adult Coloring Book",Available,4
40547962,7.18,"Design Originals, Dapper Animals Adult Coloring Book",Available,4
40548522,6.53,"Design Originals, Hipster Adult Coloring Book",Available,4
40548712,7.08,"Design Originals, Day Of The Dead Adult Coloring Book",Available,4
40548719,8.87,"Search Press Books, Watercolor Landscapes Step-By-Step",Not available,4
40548855,17.79,"Search Press Books, Watercolor For The Absolute Beginner",Available,4
40793813,7,Mandalas Adult Coloring Book: A Gorgeous Coloring Book With More Than 120 Illustrations to Complete,Available,4
40793814,7.19,Optical Illusions Adult Coloring Book: A Gorgeous Coloring Book With More Than 120 Illustrations to Complete,Available,4
40793815,7.94,Dazzling Patterns Adult Coloring Book: A Gorgeous Coloring Book With More Than 120 Illustrations to Complete,Available,4
40969281,7.99,Folk Art Adult Coloring Book,Available,4
40973834,4.92,Groovy Mandalas Adult Coloring Book,Available,4
40973835,4.78,Mosaic Tile Designs Adult Coloring Book,Available,4
40973848,5.8,Paisley Mandalas Adult Coloring Book,Available,4
40973849,4.92,Creative Haven Art Deco Designs,Available,4
41291338,3.04,"Dover Publications, Floral Bouquets Coloring Book",Available,4
41291340,10.99,"Royal Brush 15.25 by 11.25-Inch Junior Paint by Number Kit, Large, Sky Messenger Multi-Colored",Available,4
41291341,6.53,"Design Originals, Creative Adult Coloring: Animals",Available,4
41291402,9.76,Spectrum Noir Intermediate Coloring Techniques,Available,4
41291591,3.14,"Dover Publications, Pinwheel Designs",Available,4
41291625,4.66,"Dover Publications, Mandala Designs",Available,4
41291787,3.04,"Dover Publications, The Language Of Flowers Coloring Book",Available,4
41292871,8.29,"Design Originals, Creative Adult Coloring: Inspirations",Not available,4
41292933,8.29,"Design Originals, Creative Adult Coloring: Mandalas",Available,4
41556837,3.04,"Dover Publications, Angels Coloring Book",Available,4
41557448,5.63,"Dover Publications, My Horse Coloring Book",Available,4
41558085,3.04,"Dover Publications, Simply Circular Designs Coloring Book",Available,4
41676504,7.12,Mandala Designs Artist's Adult Coloring Book,Available,4
41676510,10.15,Mosaic Patterns Adult Coloring Book: 100+ Coloring Pages for Peace and Relaxation,Available,4
41676511,9.99,Paisley Patterns Adult Coloring Book: 100+ Coloring Pages for Peace and Relaxation,Available,4
42334935,13.17,The Big Book of Mandalas Adult Coloring Book: More Than 200 Mandala Coloring Pages for Peace and Relaxation,Available,4
42337032,5.99,Tartan Designs Adult Coloring Book,Not available,4
42367603,7.59,Groovy Abstract Adult Coloring Book,Available,4
42370656,5.09,Polynesian Designs Adult Coloring Book,Available,4
42412294,15.94,Art Therapy Celtic: 100 Designs Colouring In and Relaxation,Available,4
42486533,5.99,Exotic Birds Adult Coloring Book,Not available,4
42514003,7.95,Dover Publications Creative Haven Mandalas Coloring Book,Available,4
43525445,4.08,"Stampendous House Mouse Cling Rubber Stamp, 3.5" x 4" Sheet, Cast Coloring""tampendous House Mouse Cli",Not available,4
43580302,6.59,Venetian Masks Adult Coloring Book,Not available,4
43905311,7.24,Mandalas Adult Coloring Book: Coloring for Artists,Available,4
43905312,8.32,Mandalas Adult Coloring Book: Coloring for Everyone,Available,4
43957790,17.95,Animals: Adult Coloring Book 1 & 2,Available,4
43968504,9.99,"Plaid:Craft Paint By Number Kit, 16-Inch by 20-Inch, Heirlooms Multi-Colored",Not available,4
44371469,10.9,Zen Doodle Adult Coloring Book: Relax and Relieve Stress With Adult Coloring Pages,Available,4
44371477,16.99,Colored Pencil Collage: Nature Drawing and Painting for Mixed Media,Available,4
44373124,5.38,Entangled Adult Coloring Book,Available,4
44516494,9.74,Color Yourself Calm Adult Coloring Book: A Mindfulness Coloring Book,Available,4
44654119,6.59,Christmas Coloring Book for Adults,Not available,4
44654146,6.99,Mystical Mandala Coloring Book: Coloring Books for Grown Ups,Not available,4
44654156,6.99,Celtic Mandala Adult Coloring Book,Not available,4
44655534,6.76,Tattoo Adult Coloring Book: Exciting Pictures from the World of Body Art,Available,4
44697797,5.34,"Roberto's Amigas Cling Stamp, 3.25" x 2.5", Coloring Eggs""oberto's Amigas Cling ",Available,4
44715914,7.88,Fantasy Theme Adult Coloring Book,Not available,4
44716151,9.95,Animals: Adult Coloring Book,Available,4
44719044,8.9,Japanese Designs for Fun & Relaxation,Available,4
44878915,5.89,Mandala Coloring Book for Adults,Available,4
44881470,9.99,"Flower Designs Coloring Book: An Adult Coloring Book for Stress-Relief, Relaxation, Meditation and Creativity",Available,4
44978329,8.74,"The Adult Coloring Book: Secret Gardens, Enchanted Forests, Mystical Visions, Dream Catchers, Geometric Mysteries, Mandalas & More!",Not available,4
44978343,10,Relaxation Time Adult Coloring Book: Calm Coloring Book,Available,4
44979795,13.52,Four Seasons,Available,4
45053258,5.89,Mandala Coloring Book for Adults,Not available,4
45054804,5.12,Tattoos Adult Coloring Book: A Gorgeous Coloring Book With More Than 120 Illustrations to Complete,Available,4
45054805,8.99,Kaleidoscopes Adult Coloring Book: A Gorgeous Coloring Book With More Than 120 Illustrations to Complete,Available,4
45054806,6.11,Fairyland Adult Coloring Book: A Gorgeous Coloring Book With More Than 120 Illustrations to Complete,Available,4
45056498,3.61,Owls,Available,4
45056928,10.82,Animorphia Adult Coloring Book: An Extreme Coloring and Search Challenge,Available,4
45138408,17.93,Art Therapy Buddhism: 100 Designs Colouring in and Relaxation,Available,4
45139669,10,Meditation Coloring Book: Calm and Relax Coloring Book for Adults,Not available,4
45142470,10.06,Inspiring Zendalas: Mystical Circles to Color and Display,Available,4
45144160,5.2,Magnificent Mehndi Designs Adult Coloring Book,Available,4
45688832,10.99,Strange Designs,Available,4
45691278,5.72,Crazy Contraptions Adult Coloring Book: A Wonderful Selection of Ingenious Images,Available,4
45691769,7.38,Nordic Designs Adult Coloring Book,Available,4
45691770,9.6,Mehndi Designs Adult Coloring Book,Available,4
45758419,8.91,Tibetan Mandala Coloring Book:  Meditation Healing Mandala Coloring Books for Adults,Not available,4
45758423,6.01,Adult Coloring Books Mandala Designs,Not available,4
45758455,7.95,Color Me Botanicals III: An Adult Coloring Book,Available,4
45758502,8.58,Paisley Patterns: An Adult Coloring Book,Not available,4
45760902,9.83,Mandalas Adult Coloring Book: 100+ Coloring Pages for Peace and Relaxation,Available,4
45760903,11.48,Flower Patterns Adult Coloring Book: 100+ Coloring Pages for Peace and Relaxation,Available,4
45761484,10.87,Every Little Thing Adult Coloring Book: A Flat Vernacular Coloring Book,Available,4
45762395,7.38,Geometric Designs Adult Coloring Book,Available,4
45844056,5.06,Wild Animal Portraits Adult Coloring Book,Not available,4
45964746,10.57,3D Coloring Animals,Available,4
45965538,8.95,Smooth Operator: A Stress Management Coloring Book for Adults,Available,4
45965545,9.28,Adult Coloring Book for Relaxation,Available,4
45965731,7.96,Zen Patterns and Designs: Coloring for Artists,Available,4
45965735,5.93,Mendhi Adult Coloring Book: Coloring for Everyone,Available,4
45965736,8.08,Art Nouveau Adult Coloring Book: Coloring for Everyone,Available,4
45967224,12.41,The Typography Adult Coloring Book: Creative Coloring for Grown-ups,Available,4
45967249,10.59,The Tula Pink Adult Coloring Book: 75+ Signature Designs in Fanciful Coloring Pages,Available,4
45969123,13.57,Calming Therapy: An Anti-stress Coloring Book,Available,4
45969563,9.37,Color Me Cluttered Coloring Book: A Coloring Book to Transform Everyday Chaos into Art,Available,4
46036188,19.95,Aztec Coloring Book,Available,4
46037704,13.33,The Official a Game of Thrones Coloring Book,Available,4
46038182,4.58,Paisley Mandalas Adult Coloring Book: Designs With a Splash of Color,Available,4
46038212,10.83,The Official Outlander Adult Coloring Book,Available,4
46098123,6.51,Copic Books Coloring Flowers,Available,4
46127269,12.99,The Beautiful Coloring Book for Grown-ups,Available,4
46128124,5.99,Adult Coloring Books Beautiful Birds: Stress Relieving Designs: Adult Coloring Books Patterns,Not available,4
46128126,7.5,Awesome Animals Adult Coloring Book: A Stress Management,Not available,4
46128173,12.99,Stress Relief: Adult Coloring Book,Available,4
46128304,10,Mandala: Meditation Healing Mandala: Coloring Book for Adults,Not available,4
46129880,11.6,Serenity Adult Coloring Book: Coloring Book & Pencils,Available,4
46129881,10.76,Harmony Adult Coloring Book: Coloring Book & Pencils,Available,4
46130544,7.12,The Creative Adult Coloring Book,Available,4
46130902,4.78,Mosaics Adult Coloring Book: Designs With a Splash of Color,Available,4
46130904,5.34,Christmas Trees Adult Coloring Book,Available,4
46130906,5.2,Ugly Holiday Sweaters Adult Coloring Book,Available,4
46130908,5.17,Midnight Garden Adult Coloring Book,Available,4
46130914,5.2,Dream Doodles Adult Coloring Book: A Coloring Book With a Hidden Picture Twist,Available,4
46130915,4.91,Amazon Animals Adult Coloring Book: A Coloring Book With a Hidden Picture Twist,Available,4
46130917,8.8,American Landscapes Color by Number Adult Coloring Book,Available,4
46223982,12.56,Hidden Nature Adult Coloring Book: A Coloring Escape for Grown-ups,Available,4
46225737,8.99,Tangled Things to Color: A Whimsical Coloring Book for Adults,Not available,4
46226114,9.95,Zombie Adult Coloring Book,Available,4
46324909,6.99,Coloring Books for Grown-ups: Art Nouveau Patterns Coloring Book,Available,4
46325094,7.99,Glowing Mandalas: Coloring Book for Adults,Available,4
46325785,3.67,Color Zen Adult Coloring Book: Perfectly Portable Pages,Available,4
46325786,12.71,"Ultimate Coloring Book Treasury Adult Coloring Book: Relax, Recharge, and Refresh Yourself",Available,4
46325787,13.59,Mandalas and More Adult Coloring Book: Beautiful Designs for Relaxation and Focus,Available,4
46325788,11.59,"Don't Worry, Be Happy Adult Coloring Book: Color Your Way to a Calm, Positive Mood",Available,4
46325789,12.55,Fun & Funky Adult Coloring Book: Designs to Energize & Inspire,Available,4
46327047,10.67,Coloring for Adults for Dummies,Available,4
46327379,7.12,Coloring Book for Grown Ups,Available,4
46421649,5.99,Stained Glass Stress Relieving Designs: Adult Coloring Books Patterns,Not available,4
46422678,6.86,Patterns of Nature Adult Coloring Book: Art Activity Pages to Relax and Enjoy!,Available,4
46422679,6.86,Botanicals Adult Coloring Book: Art Activity Pages to Relax and Enjoy!,Available,4
46423397,8.3,India Adult Coloring Book,Available,4
46506169,8.41,Highlights Hidden Pictures: Coloring Book for Grown-Up Children,Available,4
46506398,12.65,Modern Elegance Adult Coloring Book: 45+ Romantic Designs to Color for Fun & Relaxation,Available,4
46506466,7.78,Coloring Ocean Mandalas Adult Coloring Book: 30 Hand-drawn Designs for Mindful Relaxation,Available,4
46506747,8.68,Free Spirit Adult Coloring Book,Available,4
46506748,5.99,Good Vibes Adult Coloring Book,Available,4
46506842,6.99,Flowers Mandala Coloring Book: Intricate Mandala Coloring Books for Adults,Available,4
46507540,10.49,Flying Wonders Adult Coloring Book: Portable Coloring for Creative Adults,Available,4
46507541,10.84,Sea Life: Portable Coloring for Creative Adults,Available,4
46507542,10.39,Natural Wonders Adult Coloring Book: Portable Coloring for Creative Adults,Available,4
46508150,4.22,Color Love Adult Coloring Book: Perfectly Portable Pages,Available,4
46508155,6.86,Mandala Expressions Adult Coloring Book: Art Activity Pages to Relax and Enjoy!,Available,4
46509141,8.52,Peace. Joy. Color. Adult Coloring Book: Celebrate the Season With 20 Tear-out Coloring Cards,Available,4
46509257,10.21,The Affirmations Coloring Book,Available,4
46510194,5.2,Enchanted Fairies Adult Coloring Book,Available,4
46554588,7.19,Hot Off The Press Colorist Coloring Book 5 Inch X 6 Inch-Floral Ga,Available,4
46554597,7.19,"Hot Off The Press Coloring Book 5"X6"-Steampunk""ot Off The Pr",Available,4
46554599,4.6,"Hot Off The Press Colorist Coloring Book, 5" x 6", Butterflies""ot Off The Press C",Available,4
46554604,4.48,"Hot Off The Press Colorist Coloring Book, 5" x 6", Awesome Blossoms""ot Off The Press Colori",Available,4
46587878,7.38,Devotional Coloring: Visual Scriptures,Available,4
46590259,4.33,Pixel Power Adult Coloring Book: Perfectly Portable Pages,Available,4
46590260,12.3,"Wildlife Designs Adult Coloring Book: Design Templates for Zentangle, Coloring, and More",Available,4
46591059,13.84,Happy and Energized Adult Coloring Book,Available,4
46591237,4.35,Wild Kingdom,Available,4
46620067,5.99,Dover Publications Creative Cats Coloring Book,Available,4
46680574,5.82,Vintage Adult Coloring Book,Available,4
46681239,8.73,Glowing Mandalas: Adult Coloring Book,Not available,4
46681737,4.22,Pixel Gamer Adult Coloring Book: Perfectly Portable Pages,Available,4
46681739,6.86,Birds Adult Coloring Book: Art Activity Pages to Relax and Enjoy!,Available,4
46716306,5.08,Zenspirations Coloring Book Flowers,Available,4
46716308,4.14,Zenspirations Coloring Book Abstract and Geometric Designs,Available,4
46716309,5.08,Zenspirations Coloring Book Inspirations Designs to Feed Your Spirit,Available,4
46716310,5.08,Day of the Dead Coloring Book,Available,4
46716311,5.08,Groovy Abstract Coloring Book,Available,4
46716312,5.08,Dapper Animals Coloring Book,Available,4
46716313,4.88,Happy Campers Coloring Book,Available,4
46716314,6,Nature Mandalas Coloring Book,Available,4
46716315,5.08,Peace and Love Coloring Book,Available,4
46716316,4.14,Folk Art Coloring Book,Available,4
46716317,5.08,Hipster Coloring Book,Available,4
46716318,6,Creative Coloring Inspirations,Available,4
46716319,4.14,Creative Coloring Botanicals,Available,4
46716320,6,Follow Your Bliss Coloring Book,Available,4
46716321,6,Good Vibes Coloring Book,Available,4
46716323,5.08,Creative Coloring Patterns of Nature,Available,4
46716324,5.08,Flower Mandalas Coloring Book,Available,4
46716325,5.08,Creative Coloring Flowers,Available,4
46716326,5.08,Creative Coloring Animals,Available,4
46716327,5.08,World Traveler Coloring Book,Available,4
46716328,6,Free Spirit Coloring Book,Available,4
46716329,5.08,Creative Coloring Mandala Expressions,Available,4
46716330,4.14,Creative Coloring Birds,Available,4
46716331,9.88,FloraBunda Style Drawing and Coloring,Available,4
46716332,5.08,Creative Coloring Mandalas,Available,4
46716335,5,Notebook Doodles Flowers Coloring Book,Available,4
46716336,12.88,"Don't Worry, Be Happy Coloring Book Treasury",Available,4
46716338,12.88,Fun and Funky Coloring Book Treasury,Available,4
46716339,4.99,Color Calm Coloring Book,Available,4
46716340,12.88,Ultimate Coloring Book Treasury,Available,4
46716344,4,Color Love Coloring Book,Available,4
46716345,4.99,Pixel Gamer Coloring Book,Available,4
46716346,4.99,Pixel Power Coloring Book,Not available,4
46716347,4,Color Zen Coloring Book,Available,4
46716348,4.99,Color Joy Coloring Book,Available,4
46716349,4,Color Fun Coloring Book,Available,4
46716350,4,Color Dreams Coloring Book,Available,4
46716351,12.88,Mandalas and More Coloring Book Treasury,Available,4
46716438,3,Ocean Wonders Color Art for Everyone,Available,4
46716439,3,Living Wonders Color Art for Everyone,Available,4
46716440,4,Kaleidoscope Wonders Color Art for Everyone,Available,4
46727563,3,Floral Wonders Color Art for Everyone,Available,4
46727568,3,Natural Wonders Color Art for Everyone,Available,4
46765810,9.95,"Ocean Creatures: Stress Relieving Ocean Animal Designs, Volume 2, Adult Coloring Book",Not available,4
46765971,6.95,Pattern Coloring Book for Adults: Hours of Fun and Calming Relaxation to Color Away the Stresses of the Day: 40 Fantastic Pattern Designs,Available,4
46769284,8.77,Cats in Paris: A Magical Coloring Book,Available,4
46848749,7.5,Creatively You: Floral Anti-stress Adult Coloring Book,Not available,4
46848766,14.9,Adult Coloring Book: Amazing Designs & Beautiful Patterns for Stress-Relief & Relaxation!,Not available,4
46848867,19.99,Color Your Stress Away Geometrical Patterns: Coloring Book for Adults,Available,4
46849723,6.69,"Peace, Love, Music Adult Coloring Book",Available,4
46849724,6.88,Henna Style Adult Coloring Book,Available,4
46850219,10.19,The Candy Crush Adult Coloring Book: Creatively Color the Candy Kingdom,Available,4
46851111,5.14,Dimensions Adult Coloring Book,Available,4
46851151,10.15,Doctor Who Coloring Book,Available,4
46926685,9.72,Home for the Holidays: A Hand-Crafted Adult Coloring Book,Available,4
46926985,4.93,My Great Big Coloring Bible: Includes Bible Games & Activities,Available,4
47046004,8.09,Harmony of Nature: Unwind. Create. Color.,Not available,4
47046156,8.82,Stained Glass Adult Coloring Book,Available,4
47046698,15.81,Colorama Adult Coloring Books: Balance & Relax with This Stress Relieving Coloring Books for Adults,Not available,4
47047236,8.57,Christmas Adult Coloring Book,Available,4
47048659,6.2,Cat Designs Coloring Art Adult Coloring Book,Available,4
47049035,3.89,Fantasy Designs Adult Coloring Book,Available,4
47049037,6.03,Spellbinding Designs Stained Glass Adult Coloring Book,Available,4
47090204,3.9,Mandala Wonders Color Art For Everyone,Available,4
47090205,3.79,Botanical Wonders Color Art for Everyone,Available,4
47140522,5.99,50 Stress Relieving Patterns Adult Coloring Book,Available,4
47140533,8,Butterfly Coloring Book for Adults,Not available,4
47141311,5.56,Color Swirl Adult Coloring Book,Available,4
47141322,41.17,NLT2 Inspire Bible-Silk Vintage Blue/Cream Leatherlike,Available,4
47142300,10.98,A Trip to Jeremyville Adult Coloring Book,Available,4
47142384,8.79,Coloring Creative Characters Adult Coloring Book: Fun Coloring Pages With Personality,Available,4
47210739,8.06,"Leisure Arts Adult Coloring Book, Available in Multiple Designs and Your Choice of Double Markers, Colored Pencils or Gel Pens Bundle",Not available,4
47321247,7.99,Grimm Fairy Tales Adult Coloring Book,Available,4
47322024,10.19,Whatever Is Lovely: A Coloring Book for Reflection and Worship,Available,4
47324201,10.87,Paris Street Style: A Coloring Book,Available,4
46506747,8.68,Free Spirit Adult Coloring Book,Available,4
46506748,5.99,Good Vibes Adult Coloring Book,Available,4
46506842,6.99,Flowers Mandala Coloring Book: Intricate Mandala Coloring Books for Adults,Available,4
46507540,10.49,Flying Wonders Adult Coloring Book: Portable Coloring for Creative Adults,Available,4
46507541,10.84,Sea Life: Portable Coloring for Creative Adults,Available,4
46507542,10.39,Natural Wonders Adult Coloring Book: Portable Coloring for Creative Adults,Available,4
46508150,4.22,Color Love Adult Coloring Book: Perfectly Portable Pages,Available,4
46508155,6.86,Mandala Expressions Adult Coloring Book: Art Activity Pages to Relax and Enjoy!,Available,4
46509141,8.52,Peace. Joy. Color. Adult Coloring Book: Celebrate the Season With 20 Tear-out Coloring Cards,Available,4
46509257,10.21,The Affirmations Coloring Book,Available,4
46510194,5.2,Enchanted Fairies Adult Coloring Book,Available,4
46554588,7.19,Hot Off The Press Colorist Coloring Book 5 Inch X 6 Inch-Floral Ga,Available,4
46554597,7.19,"Hot Off The Press Coloring Book 5"X6"-Steampunk""ot Off The Pr",Available,4
46554599,4.6,"Hot Off The Press Colorist Coloring Book, 5" x 6", Butterflies""ot Off The Press C",Available,4
46554604,4.48,"Hot Off The Press Colorist Coloring Book, 5" x 6", Awesome Blossoms""ot Off The Press Colori",Available,4
46587878,7.38,Devotional Coloring: Visual Scriptures,Available,4
46590259,4.33,Pixel Power Adult Coloring Book: Perfectly Portable Pages,Available,4
46590260,12.3,"Wildlife Designs Adult Coloring Book: Design Templates for Zentangle, Coloring, and More",Available,4
46591059,13.84,Happy and Energized Adult Coloring Book,Available,4
46591237,4.35,Wild Kingdom,Available,4
46620067,5.99,Dover Publications Creative Cats Coloring Book,Available,4
46680574,5.82,Vintage Adult Coloring Book,Available,4
46681239,8.73,Glowing Mandalas: Adult Coloring Book,Not available,4
46681737,4.22,Pixel Gamer Adult Coloring Book: Perfectly Portable Pages,Available,4
46681739,6.86,Birds Adult Coloring Book: Art Activity Pages to Relax and Enjoy!,Available,4
46716306,5.08,Zenspirations Coloring Book Flowers,Available,4
46716308,4.14,Zenspirations Coloring Book Abstract and Geometric Designs,Available,4
46716309,5.08,Zenspirations Coloring Book Inspirations Designs to Feed Your Spirit,Available,4
46716310,5.08,Day of the Dead Coloring Book,Available,4
46716311,5.08,Groovy Abstract Coloring Book,Available,4
46716312,5.08,Dapper Animals Coloring Book,Available,4
46716313,4.88,Happy Campers Coloring Book,Available,4
46716314,6,Nature Mandalas Coloring Book,Available,4
46716315,5.08,Peace and Love Coloring Book,Available,4
46716316,4.14,Folk Art Coloring Book,Available,4
46716317,5.08,Hipster Coloring Book,Available,4
46716318,6,Creative Coloring Inspirations,Available,4
46716319,4.14,Creative Coloring Botanicals,Available,4
46716320,6,Follow Your Bliss Coloring Book,Available,4
46716321,6,Good Vibes Coloring Book,Available,4
46716323,5.08,Creative Coloring Patterns of Nature,Available,4
46716324,5.08,Flower Mandalas Coloring Book,Available,4
46716325,5.08,Creative Coloring Flowers,Available,4
46716326,5.08,Creative Coloring Animals,Available,4
46716327,5.08,World Traveler Coloring Book,Available,4
46716328,6,Free Spirit Coloring Book,Available,4
46716329,5.08,Creative Coloring Mandala Expressions,Available,4
46716330,4.14,Creative Coloring Birds,Available,4
46716331,9.88,FloraBunda Style Drawing and Coloring,Available,4
46716332,5.08,Creative Coloring Mandalas,Available,4
46716335,5,Notebook Doodles Flowers Coloring Book,Available,4
46716336,12.88,"Don't Worry, Be Happy Coloring Book Treasury",Available,4
46716338,12.88,Fun and Funky Coloring Book Treasury,Available,4
46716339,4.99,Color Calm Coloring Book,Available,4
46716340,12.88,Ultimate Coloring Book Treasury,Available,4
46716344,4,Color Love Coloring Book,Available,4
46716345,4.99,Pixel Gamer Coloring Book,Available,4
46716346,4.99,Pixel Power Coloring Book,Not available,4
46716347,4,Color Zen Coloring Book,Available,4
46716348,4.99,Color Joy Coloring Book,Available,4
46716349,4,Color Fun Coloring Book,Available,4
46716350,4,Color Dreams Coloring Book,Available,4
46716351,12.88,Mandalas and More Coloring Book Treasury,Available,4
46716438,3,Ocean Wonders Color Art for Everyone,Available,4
46716439,3,Living Wonders Color Art for Everyone,Available,4
46716440,4,Kaleidoscope Wonders Color Art for Everyone,Available,4
46727563,3,Floral Wonders Color Art for Everyone,Available,4
46727568,3,Natural Wonders Color Art for Everyone,Available,4
46765810,9.95,"Ocean Creatures: Stress Relieving Ocean Animal Designs, Volume 2, Adult Coloring Book",Not available,4
46765971,6.95,Pattern Coloring Book for Adults: Hours of Fun and Calming Relaxation to Color Away the Stresses of the Day: 40 Fantastic Pattern Designs,Available,4
46769284,8.77,Cats in Paris: A Magical Coloring Book,Available,4
46848749,7.5,Creatively You: Floral Anti-stress Adult Coloring Book,Not available,4
46848766,14.9,Adult Coloring Book: Amazing Designs & Beautiful Patterns for Stress-Relief & Relaxation!,Not available,4
46848867,19.99,Color Your Stress Away Geometrical Patterns: Coloring Book for Adults,Available,4
46849723,6.69,"Peace, Love, Music Adult Coloring Book",Available,4
46849724,6.88,Henna Style Adult Coloring Book,Available,4
46850219,10.19,The Candy Crush Adult Coloring Book: Creatively Color the Candy Kingdom,Available,4
46851111,5.14,Dimensions Adult Coloring Book,Available,4
46851151,10.15,Doctor Who Coloring Book,Available,4
46926685,9.72,Home for the Holidays: A Hand-Crafted Adult Coloring Book,Available,4
46926985,4.93,My Great Big Coloring Bible: Includes Bible Games & Activities,Available,4
47046004,8.09,Harmony of Nature: Unwind. Create. Color.,Not available,4
47046156,8.82,Stained Glass Adult Coloring Book,Available,4
47046698,15.81,Colorama Adult Coloring Books: Balance & Relax with This Stress Relieving Coloring Books for Adults,Not available,4
47047236,8.57,Christmas Adult Coloring Book,Available,4
47048659,6.2,Cat Designs Coloring Art Adult Coloring Book,Available,4
47049035,3.89,Fantasy Designs Adult Coloring Book,Available,4
47049037,6.03,Spellbinding Designs Stained Glass Adult Coloring Book,Available,4
47090204,3.9,Mandala Wonders Color Art For Everyone,Available,4
47090205,3.79,Botanical Wonders Color Art for Everyone,Available,4
47140522,5.99,50 Stress Relieving Patterns Adult Coloring Book,Available,4
47140533,8,Butterfly Coloring Book for Adults,Not available,4
47141311,5.56,Color Swirl Adult Coloring Book,Available,4
47141322,41.17,NLT2 Inspire Bible-Silk Vintage Blue/Cream Leatherlike,Available,4
47142300,10.98,A Trip to Jeremyville Adult Coloring Book,Available,4
47142384,8.79,Coloring Creative Characters Adult Coloring Book: Fun Coloring Pages With Personality,Available,4
47210739,8.06,"Leisure Arts Adult Coloring Book, Available in Multiple Designs and Your Choice of Double Markers, Colored Pencils or Gel Pens Bundle",Not available,4
47321247,7.99,Grimm Fairy Tales Adult Coloring Book,Available,4
47322024,10.19,Whatever Is Lovely: A Coloring Book for Reflection and Worship,Available,4
47324201,10.87,Paris Street Style: A Coloring Book,Available,4
47402847,14.15,The Colors of Asia Adult Coloring Book: An Anti-stress Coloring Book for Calm and Creativity,Available,4
47403117,7.81,Horses Draw and Color Adult Coloring Book,Not available,4
47450309,8.01,Design Originals-Pixel Gamer Coloring Book,Available,4
47451104,14.34,Chronicle Books-Enchanted Forest Coloring Book,Not available,4
47453159,7.49,Design Originals-Color Calm Coloring Book,Not available,4
47454516,7.93,Design Originals-Color Joy Coloring Book,Available,4
47455170,11.86,Design Originals-Creative Coloring Mandala Expressions,Available,4
47474194,4.31,Dover Publications Creative Haven SeaScapes,Available,4
47476841,8.94,Disenos de mariposas Libro de colorear adultos/ Butterfly Designs Adult Coloring Book: 31 disenos para aliviar el estres/31 Stress-Relieving Designs,Available,4
47478226,9.32,Awesome Animals: A Stress Management Coloring Book for Adults,Available,4
47478992,4.22,Color Peace Adult Coloring Book: Perfectly Portable Pages,Available,4
47479808,6.05,"Blooms, Birds, & Butterflies",Available,4
47479884,10.61,Joyful Hearts: Coloring Love: Inspirational Adult Coloring Book,Available,4
47587260,9.95,Ocean,Available,4
47603218,8.88,Mandalas,Available,4
47611365,4.31,Dover Publications Dover Masterworks: Cezanne Paintings,Available,4
47612930,5.99,Dover Publications Creative Haven Entangled,Available,4
47695928,12.99,Stress Relieving Animal Designs Adult Coloring Book,Available,4
47697087,7.87,Wonderful Butterflies and Flowers Adult Coloring Book: Stress Relieving Patterns,Available,4
47697715,8.29,Notebook Doodles Henna Style Adult Coloring Book,Available,4
47698258,9.08,Posh Adult Coloring Book Prayers for Peace & Inspiration,Available,4
47698373,10.48,Beside Still Waters Adult Coloring Book: Coloring the Psalms,Available,4
47698887,6.23,"The Book of Coloring Art Adult Coloring Book: Intricate Designs, Nature Scenes & Inspiring Word for Coloring and Framing",Available,4
47698889,7.99,"Adult Coloring Books: 50 Beautiful, Whimsical and Fantasy Inspired Floral and Animal Designs!",Available,4
47698890,8.99,"Adult Coloring Books: A Collection of Coloring Books for Adults; Featuring Mandalas, Flowers, and Geometric Designs",Available,4
47699902,9.08,Live Loved Adult Coloring Book: Craft God's World into Your Heart Through Creative Expression,Available,4
47858204,13.29,Design Originals-Creative Coloring Birds,Available,4
47873707,8.99,Christmas Adult Coloring Book: Stress Relieving Coloring Pages,Not available,4
47873738,6.66,Adult Coloring Book 2 Butterfly & Flowers: Relaxing Patterns,Not available,4
47873890,8.49,"An Adult Coloring Book: Wild and Free, Featuring Unique Animal Designs",Not available,4
47875774,10.87,Joyful Inspirations Adult Coloring Book: With Illustrated Scripture and Quotes to Cheer Your Soul,Available,4
47875974,10.19,Alice's Wonderfilled Adventures Adult Coloring Book: A Curious Coloring Book for Adults,Available,4
47876008,8.96,Gulliver's New Travels Adult Coloring Book: Coloring in a New World,Available,4
47876009,9.67,Animals Night & Day Adult Coloring Book: Amazing Animals to Bring to Life,Available,4
47877035,7.06,Color Your Blessings: An Adult Coloring Book for Your Soul,Available,4
47877347,10.8,Wonderland Adult Coloring Book: A Coloring Book Inspired by Alice's Adventures,Available,4
48159498,12.65,Full Color Adult Coloring Book: A Coloring Book for Grown-ups,Available,4
48160273,11.82,Inspirations from Nature Adult Coloring Book: An Adult Coloring Book Featuring the Illustrations of Ernst Haeckel,Available,4
48160274,12.24,Fantastic Women Adult Coloring Book: An Adult Coloring Book Featuring the Illustrations of Don Blanding,Available,4
48160405,7.66,Marty Noble's Peaceful World Adult Coloring Book: New York Times Bestselling Artist's Adult Coloring Books,Available,4
48160409,7.66,Whimsical Woodland Creatures Adult Coloring Book: Coloring for Artists,Available,4
48160411,7.93,Nirvana Adult Coloring Book: Coloring for Artists,Available,4
48161220,11.58,Reverie: A Coloring Retreat,Available,4
48449042,10.98,52 Flower Mandalas: An Adult Coloring Book for Inspiration and Stress Relief,Available,4
48449266,8.68,Welcome to Oz: Adult Coloring Book,Available,4
48450091,10.23,Adult Coloring Book: Relax,Available,4
48450093,7.14,De-stress Adult Coloring Book,Available,4
48450094,10.87,Adult Coloring Book: Be Inspired,Available,4
48450919,11.79,Fantastic Structures Adult Coloring Book: Amazing Buildings Real and Imagined,Available,4
48546466,11.06,St. Martin's Books Crystal Cave Coloring Book,Available,4
48546609,11.88,EarthArt Coloring Book Alaska Critters,Available,4
48546799,4.86,Darice Coloring Book-Geometric Patterns,Available,4
48546908,8.78,EarthArt Coloring Book Great Critters,Available,4
48546922,10.06,St. Martin's Books Zendoodle Coloring: Inspiring Zendalas,Available,4
48546996,12.51,EarthArt Coloring Book Coastal Critters,Available,4
48546999,11.85,EarthArt Coloring Book Garden Critters,Available,4
48547032,7.97,Guild Of Master Craftsman Books Zen Coloring Animals,Available,4
48547288,8.81,EarthArt Coloring Book Mountian Critters,Available,4
48547307,4.26,"Hot Off The Press Colorist Coloring Book 5" x 6", Christmas Greetings""ot Off The Press Colorist ",Available,4
48547533,11.85,EarthArt Coloring Book Endangered Critters,Available,4
48547661,9.95,Guild Of Master Craftsman Books Zen Coloring Ocean,Available,4
48547999,12.18,EarthArt Coloring Book Woodland Critters,Available,4
48548081,9.35,Lark Books Tropical World Coloring Book,Available,4
48548357,7.46,Design Originals Creative Adult Coloring Birds,Available,4
48548371,6.53,Design Originals Creative Adult Coloring Mandala Expressions,Available,4
48548536,4.54,"Hot Off The Press Colorist Coloring Book 5" x 6", Fancy Christmas""ot Off The Press Color",Available,4
48548564,9.35,Sterling Publishing Mandala Meditation Coloring Book,Available,4
48548741,7.4,Search Press Books The Aboriginal Art Coloring Book,Available,4
48548791,9.82,Mixed Media Resources O Holy Night Coloring Book,Available,4
48548868,9.08,St. Martin's Books-keep Calm And Color O,Not available,4
48548892,15.85,Random House Books Lost Ocean Coloring Book,Available,4
48548960,9.84,St. Martin's Books Zendoodle Coloring: Enchanting Gardens,Available,4
48548992,7.24,"KaiserColour Coloring Book, Whimsy Wonders",Available,4
48549010,9.52,Design Originals-Follow Your Bliss Coloring Book,Available,4
48549014,11.88,EarthArt Coloring Book Rainforest Critters,Available,4
48549196,9.99,Design Originals Expressions Of Faith Adult Coloring Book,Available,4
48549474,9.32,St. Martin's Books Zendoodle Coloring: Calming Swirls,Available,4
48549485,8.66,Pavilion Books Calming Coloring Animal Patterns,Available,4
48549488,11.61,EarthArt Coloring Book Mystical Critters,Available,4
48549502,8.68,Guild Of Master Craftsman Books Zen Coloring Nature,Available,4
48549732,10.59,Fons & Porter Books Tula Pink Coloring Book,Available,4
48549741,14.68,Chronicle Books Fantastic Cities Coloring Book,Available,4
48549775,8.83,EarthArt Coloring Book River Critters,Available,4
48549911,9.52,Design Originals Creative Adult Coloring Patterns Of Nature,Available,4
48550165,12.61,EarthArt Coloring Book Critters,Available,4
48553713,9.47,St. Martin's Books-keep Happy And Color,Not available,4
48553786,11.98,EarthArt Coloring Book Lewis & Clark,Available,4
48553908,6.14,Design Originals-Color Calm Coloring Book,Available,4
48554916,12.02,EarthArt Coloring Book Bird Critters,Available,4
48554999,4.99,Design Originals Color Joy Adult Coloring Book,Available,4
48555089,10.74,"KaiserColour Perfect Bound Coloring Book, Free Spirit",Available,4
48555216,7.24,"KaiserColour Coloring Book, The Wild Flowers",Available,4
48555219,12,EarthArt Coloring Book Desert Critters,Available,4
48555220,10.09,St. Martin's Books Zendoodle Coloring: Creative Sensations,Available,4
48555283,17.39,100 Years Of Fashion and Fun Drawing and Coloring Book,Available,4
48555391,12.3,Design Originals Wildlife Designs Adult Coloring Book,Available,4
48555592,11.99,Adams Media Books Stress Less Coloring: Flower Patterns,Available,4
48555629,4.86,Darice Coloring Book-CityScapes,Available,4
48556037,11.94,EarthArt Coloring Book Sea Critters,Available,4
48556048,10.83,Random House Books The Official Outlander Coloring Book,Available,4
48556060,11.86,EarthArt Coloring Book Wetland Critters,Available,4
48556105,7.68,Guild Of Master Craftsman Books Zen Coloring Flowers,Available,4
48556211,7.46,Design Originals Creative Adult Coloring Botanicals,Available,4
48556312,12.48,EarthArt Coloring Book Winged Critters,Available,4
48556365,11.99,Adams Media Books Stress Less Coloring: Mandalas,Available,4
48584194,12.65,The Complete Book of Coloring for Grown Ups Coloring Book,Available,4
48584780,8.99,Quirky Mandalas Coloring Book for Adults,Available,4
48584827,9.77,Christmas Mandalas and Messages: Adult Coloring Book,Not available,4
48584953,5.72,Adult Coloring Book: Relaxation and Stress Reduction Patterns,Not available,4
48585018,6.99,Adult Coloring Book,Not available,4
48585135,10.23,Adult Coloring Book Keep Calm,Available,4
48591012,9.99,Design Originals World Traveler Adult Coloring Book,Available,4
48591211,3.67,Design Originals Color Zen Adult Coloring Book,Available,4
48593091,4.11,Design Originals Pixel Power Adult Coloring Book,Available,4
48594117,6.86,Design Originals Flower Mandalas Adult Coloring Book,Available,4
48596199,7.21,C Publishing Fantastical Designs Coloring Book,Available,4
48597294,11.94,Chronicle Books Enchanted Forest Coloring Book,Available,4
48597298,10.18,Chronicle Books Secret Garden Coloring Book,Available,4
48597308,4.22,Design Originals Pixel Gamer Adult Coloring Book,Available,4
48597373,6.53,Design Originals Good Vibes Adult Coloring Book,Available,4
48598416,9.99,Design Originals Boho Paisley Adult Coloring Book,Available,4
48598420,5.48,Design Originals Color Dream Coloring Book,Available,4
48598448,3.58,Design Originals Color Fun Adult Coloring Book,Available,4
48598560,7.47,Design Originals Free Spirit Adult Coloring Book,Not available,4
48598790,9.59,Modern Flowers,Available,4
48598806,8.87,Design Originals Peace and Love Coloring Book,Available,4
48598904,6.53,Design Originals Creative Adult Coloring Flowers,Available,4
48599223,9.41,Design Originals Design Originals Adult Coloring Calendar 2016,Not available,4
48599252,7.21,C Publishing Playful Designs Coloring Book,Available,4
48599632,16.19,"Lark Books-Animal Kingdom Color Me, Draw Me",Available,4
48613782,9.35,C Publishing Off The Bookshelf Coloring Book,Available,4
48617930,11.95,C Publishing Modern Elegance Coloring Book,Available,4
48635348,10.71,"KaiserColour Perfect Bound Coloring Book, Deep Sea",Available,4
48637388,11.52,"Christi Friesen Coloring Book, Creative Colorfills",Available,4
48637465,10.69,"KaiserColour Perfect Bound Coloring Book, Scenic Sights",Available,4
48637951,10.74,"KaiserColour Perfect Bound Coloring Book, Into The Wild",Available,4
48637957,10.74,"KaiserColour Perfect Bound Coloring Book, Explore Japan",Available,4
48638471,10.74,"KaiserColour Perfect Bound Coloring Book, Mystic Treasures",Available,4
48640410,9.89,"KaiserColour Perfect Bound Coloring Book, Jungle Fever",Available,4
48640413,10.74,"KaiserColour Perfect Bound Coloring Book, Tiny Woods",Available,4
48681509,9.82,Mixed Media Resources Visual Scriptures Coloring Book,Available,4
48681562,8.97,Guild Of Master Craftsman Books Zen Coloring Mandalas,Available,4
48681563,3.9,Leisure Arts Extreme Wonders Color Art,Available,4
48681780,7.61,Jungle Wonders Color Art for Everyone,Available,4
48725950,7.01,The Mindfulness Adult Coloring Book,Available,4
48725951,7.01,The Calm Adult Coloring Book,Available,4
48726736,8,Tattoo Coloring Book for Adults: An Adult Colouring Book of Traditional and Old School Tattoo Designs,Not available,4
48727280,8.18,Robots Adult Coloring Book: Drawing and Coloring Book,Available,4
48806989,12.55,Design Originals Fun and Funky Adult Coloring Book,Available,4
48806994,13.59,Design Originals Mandalas and More Adult Coloring Book,Available,4
48807009,14.29,Design Originals Ultimate Adult Coloring Book Treasury,Available,4
48807064,12.11,"Design Originals Don't Worry, Be Happy Adult Coloring Book",Not available,4
48812117,5.38,Geoscapes,Not available,4
48926128,10.38,To the Moon Adult Coloring Book: The Tallest Coloring Book in the World,Available,4
48926427,7.68,"Patchwork of the Heart: Adult Coloring Book, Color Quilting Patterns & Scenes of Amish Life",Available,4
48926429,7.82,The Promises of God Adult Coloring Book: Color As You Reflect on God's Words to You,Available,4
48927257,10,Halloween Coloring Book: Approved for Adults Who Color for Pleasure and Stress Relief,Not available,4
48928244,11.25,"New Guide to Coloring for Crafts, Adult Coloring Books, and Other Coloristas!: Tips, Tricks, and Techniques for All Skill Levels!",Available,4
48930126,6.15,"The Garden of Eden: Create, Meditate, Restore",Available,4
48930509,5.17,Celestial Mandalas,Available,4
48930511,5.17,Dazzling Dogs Coloring Book,Available,4
48930549,5.06,Magical Landscapes Adult Coloring Book,Available,4
49009943,8.99,"Mermaids, Fairies & Fantasy: Coloring Books for Grown-ups, Adults",Available,4
49010022,9.95,Christmas Coloring Book: A Stress Management Coloring Book for Adults,Not available,4
49011090,15.18,Relaxing Doodles: A Coloring Book for Adults,Not available,4
49012482,21.07,The Woodland Watercoloring Book for Adults,Available,4
49012483,18.83,The Flower Watercoloring Book for Adults,Available,4
49012725,6.75,Wild Animals Dot-to-dot Adult Coloring Book,Available,4
49012726,8.85,Still Life Color by Number Coloring Book,Not available,4
49012727,8.85,Dogs Color by Number Adult Coloring Book,Not available,4
49012728,8.08,How to Draw Fashion Figures,Not available,4
49118875,6.99,Doodle Corner Adult Coloring Book: Floral Mandalas,Not available,4
49118945,9.99,Creative Mandala Coloring: 51 Stress-relieving Adult Coloring Book Patterns Featuring Symmetrical & Relaxing Mandalas,Not available,4
49121153,20.8,The Pattern Watercoloring Book for Adults,Available,4
49121224,7.67,Inkspirations for Women: Color Your World Happy--30 Inspiring Designs to Nourish Your Heart and Renew Your Spirit,Available,4
49206696,10.95,One Calm Day,Available,4
49207517,7.81,"Alphatangle Adult Coloring Book: For Zentangle, Coloring, and More",Available,4
49208031,7.92,Alice in Wonderland Adult Coloring Book: 55 Removable Coloring Plates,Available,4
49289071,7.68,Scenes from the Psalms Adult Coloring Book: Color the Comfort of God's Care and Protection,Available,4
49291127,8.63,Live Free: An Adult Coloring Book,Available,4
49309311,8.03,"Crayola Folk Art Escapes Adult Coloring Book, 8" x 10" No Bleed Through Pages Perforated for Framing, 80 Coloring Pages""rayola Folk Art Escapes Adult Coloring Book, 8" x 10" No Bleed Through ""ayola Folk Art Escapes A",Available,4
49309616,9.95,Cico Books Color Yourself to Calmness Postcards,Available,4
49309746,8.48,"Crayola Whimsical Escapes Adult Coloring Book, 80 Pages",Available,4
49312042,9.95,Cico Books Color Yourself to Mindfulness Postcards,Available,4
49312076,13.46,Search Press Books The Big Chill-Out Coloring Book,Available,4
49334455,15.99,Watson-Guptill Books The Time Garden Coloring Book,Available,4
49334456,7.99,St. Martin's Books Zendoodle Coloring: Calming Swirls,Available,4
49334546,7.99,St. Martin's Books Zendoodle Coloring: Creative Sensations,Available,4
49354818,7.09,St. Martin's Books Zendoodle Coloring: Enchanting Gardens,Available,4
49523853,9.53,Alice in Wonderland Adult Coloring Book,Available,4
49524415,6.82,Visual Funk Street Art Adult Coloring Book,Available,4
49524435,5.58,Las promesas de Dios / God's Promises: Libro de colorear para adultos - Coloree mientras medita en la Palabra de Dios para su vida / Coloring Book for Adults -Color while Meditating on the,Available,4
49524763,5.11,Adult Coloring Book: Stress Relieving Patterns for Grown-ups,Not available,4
49524862,10.99,Super Simple Designs: An Adult Coloring Book With Easier Designs for Easier Coloring,Not available,4
49525395,10.19,"Mandalas Adult Coloring Book: Design Templates for Zentangle, Coloring, and More",Available,4
49525396,10.19,"Lovable Pets Adult Coloring Book: Design Templates for Zentangle, Coloring, and More",Available,4
49525398,6.61,Warriors Drawing and Coloring Book,Available,4
49528724,12.99,Colorama Color Me Happy Coloring Book,Available,4
49576139,10.74,KaiserColour Perfect Bound Coloring Book-On Safari,Available,4
49576156,9.89,Lark Books Happy and Energized Adult Coloring Book,Available,4
49620534,9.99,Jane Austen's Pride and Prejudice: The Adult Coloring Book,Not available,4
49620641,6.8,Butterfly Gardens Adult Coloring Book: Coloring for Everyone,Available,4
49679773,6.99,Dover Stained Glass Psalms Coloring Book,Available,4
49679788,9.95,Enchanted Forest:Postcards Coloring Book,Not available,4
49679789,5.99,Dover Creative Haven Paisley Mandalas-Splash Coloring Book,Available,4
49679797,12.99,Dover Creative Haven Wild Animals Paint-by-Number Coloring Book,Available,4
49679800,9.99,Stress Relieving Kaleidoscope Patterns Coloring Book,Available,4
49679807,5.99,Dover Arabesque Designs Coloring Book,Not available,4
49679808,5.99,Dover Creative Haven Christmas Trees Coloring Book,Available,4
49679809,12.99,Stress Relieving Animal Designs Coloring Book,Available,4
49680085,14.99,Tangle Easy Wildlife Designs Coloring Book,Available,4
49680087,9.99,Creative Coloring Flowers Coloring Book,Available,4
49680090,3.95,Dover Before the Dinosaurs Coloring Book,Available,4
49680093,4.99,Color Fun Coloring Book,Available,4
49680099,9.99,Boho Paisley Coloring Book,Not available,4
49680119,5.99,Dover Midnight Garden Coloring Book,Not available,4
49680129,11.99,Stress Relieving Cats Coloring Book,Available,4
49680132,9.99,Flower Mandalas Coloring Book,Available,4
49740295,5.32,Delightful Gardens: On-the-go Adult Coloring Books,Available,4
49740296,5.32,Creative Mindfulness: Seas of Serenity: On-the-Go Adult Coloring Books,Available,4
49740297,5.58,Angela Porter's Zen Doodle Animal Tangles: New York Times Bestselling Artists' Adult Coloring Books,Available,4
49740298,6.84,Angela Porter's Zen Doodle Designs: New York Times Bestselling Artists' Adult Coloring Books,Available,4
49740300,7.05,Alberta Hutchinson's Peaceful Mandalas: New York Times Bestselling Artists' Adult Coloring Books,Available,4
49741578,7.06,It's a Girl Thing: A Coloring Book for Grown-up Girls,Available,4
49742282,5.72,Marjorie Sarnat's Pampered Pets: New York Times Bestselling Artists' Adult Coloring Books,Available,4
49742284,13.51,The Big Beautiful Adult Coloring Book,Available,4
49742610,11.18,"Free Spirit: A Coloring Book for Calming Your Mind, Freeing Your Imagination, and Igniting Your Soul",Available,4
49743303,6.67,Pocket Posh Panorama Coloring Book Architecture Unfurled: An Adult Coloring Book,Available,4
49743304,7.39,Pocket Posh Panorama Adult Coloring Book - Gardens Unfurled: An Adult Coloring Book,Available,4
49743305,7.68,Pocket Posh Panorama Adult Coloring Book - Fashion Unfurled: An Adult Coloring Book,Available,4
49743395,9.33,Rise and Shine: Inspirational Adult Coloring Book,Available,4
49743498,8.12,Harry Potter Magical Artifacts Coloring Book,Available,4
49744004,9.16,Yellowstone National Park Adult Coloring Book: A Magical Coloring Journey Through Yellowstone National Park,Available,4
49744299,5.31,Enchanted Adult Coloring Book: Magical Images to Make Your Own,Not available,4
49744400,9.93,Images of Grace Adult Coloring Book: An Inspirational Coloring Book,Available,4
49744401,9.44,Live Fearless Adult Coloring Book: Craft God's World into Your Heart Through Creative Expression,Available,4
49744483,7.06,Color the Promises of God: An Adult Coloring Book for Your Soul,Available,4
49744674,5.31,Into the Woods Adult Coloring Book: A Coloring Book with a Hidden Picture Twist,Not available,4
49841372,4.99,Color Zen Coloring Book,Available,4
49841373,9.95,Visual Scriptures:Devotional Coloring Book,Not available,4
49841427,12.99,Stress Relieving Patterns Coloring Book,Available,4
49841437,9.99,Stress Relieving Dolphin Patterns Coloring Book,Available,4
49841455,12.99,Stress Relieving Ocean Animal Patterns Coloring Book,Available,4
49841494,4.99,Color Joy Coloring Book,Available,4
49841528,4.99,Color Love Coloring Book,Available,4
49841547,9.99,Dapper Animals Coloring Book,Available,4
49841625,19.99,"Don't Worry, Be Happy Coloring Book",Available,4
49841637,19.99,Fun   Funky Treasures Coloring Book,Not available,4
49841669,9.99,Nature Mandalas Coloring Book,Available,4
49841932,4.99,Color Christmas Coloring Book,Available,4
49841948,12.95,Happy   Energized Coloring Book,Available,4
49841956,9.99,Follow Your Bliss Coloring Book,Available,4
49841972,12.95,Serene   Tranquil Coloring Book,Available,4
49842036,9.99,World Beat Designs: Mandalas   More Coloring Book,Available,4
49842076,15.95,Secret Garden- An Inky Treasure Hunt Coloring Book,Not available,4
49842079,9.95,Secret Garden Postcards Coloring Book,Available,4
49842081,14.95,Mandala Meditation Coloring Book,Not available,4
49842103,12.99,Stress Relieving  Animal Designs Volume 2 Coloring Book,Not available,4
49842105,12.95,Peace   Calm Coloring Book,Available,4
49842128,9.99,Christmas Traditions Coloring Book,Available,4
49842211,22.5,Secret Garden-Artist's Edition Coloring Book,Available,4
49842225,9.99,Good Vibes Coloring Book,Available,4
49842227,4.99,Color Dreams Coloring Book,Available,4
49842248,9.99,World Traveler Coloring Book,Available,4
49842249,12.99,Stress Relieving Patterns Volume 2 Coloring Book,Available,4
49842265,9.99,Modern Flowers Coloring Book,Available,4
49842337,12.99,2016 Coloring Calendar Coloring Book,Available,4
49842365,9.99,Creative Coloring Inspirations Coloring Book,Available,4
49842407,15.95,Enchanted Forest-An:Inky Quest Coloring Book,Not available,4
49842455,9.99,Creative Coloring Animals Coloring Book,Available,4
49842471,10.99,Stress Relieving Peacocks Coloring Book,Available,4
49842553,4.99,Color Calm Coloring Book,Available,4
49842555,12.95,Relaxed   Focussed Coloring Book,Available,4
49842557,9.99,Creative Coloring Mandalas Coloring Book,Available,4
49842558,9.99,Happy Campers Coloring Book,Available,4
49842570,16.49,Hot Knots Book/Booklet,Not available,4
49842613,12.99,Stress Relieving Paisley Patterns Coloring Book,Available,4
49842646,9.99,Christmas Coloring Book,Available,4
49842650,9.95,O Holy Night:Devotional Coloring Book,Not available,4
49842661,9.99,Stress Relieving Wild Animal Patterns Coloring Book,Available,4
49842664,9.99,Stress Relieving Soul of the Woodland Coloring Book,Available,4
49842691,9.99,Tropical World Coloring Book,Available,4
49842712,9.99,Creative Coloring Birds Coloring Book,Available,4
49842781,6.99,Flowers: Extreme Coloring Book,Not available,4
49842875,14.95,Animal Kingdom: Color Me Draw Me Coloring Book,Not available,4
49842980,14.95,Big Chill-Out Coloring Book,Available,4
49843016,9.99,Groovy Abstract Coloring Book,Available,4
49877795,9.99,An Adult Coloring Book (For the Whole Family!): Beatrix Potter,Not available,4
49877796,7.99,"Adult Coloring Book Dogs: Detailed, Intricate, Stress Relief Dog Pattern Coloring Designs for Adults and Grown-ups",Not available,4
49877805,8.99,"Adult Coloring Book Paisley: A Relaxing, Hand Drawn Henna and Paisley Coloring Book for Adults",Not available,4
49880102,13.98,Color the Bible 3-in-1,Available,4
49907594,3.99,DoodleArt The Cat Lovers Coloring Book,Available,4
49907655,5.99,Dover Creative Haven Magical Mandalas Coloring Book,Available,4
49907674,9.99,Dover Horses Color by Number Coloring Book,Not available,4
49907712,6.99,Dover Tiffany Design Stained Glass Coloring Book,Not available,4
49907715,6.99,Dover Nativity Stain Glass Coloring Book,Available,4
49907719,9.99,Dover Floral Design Color by Number Coloring Book,Not available,4
49907740,5.99,Dover Floral Designs Coloring Book,Not available,4
49907742,5.99,Dover Creative Haven WinterScapes Coloring Book,Available,4
49907751,4.99,Dover The Night Before Christmas Coloring Book,Available,4
49907789,5.99,Dover Terrific Tessellations Coloring Book,Not available,5
49907804,1.99,Dover Creative Haven Nature Scapes Coloring Book,Not available,5
49907829,5.99,Dover Creative Haven Zenscapes Coloring Book,Available,5
49907833,5.99,Dover Creative Haven Art Nouve Nature Designs Coloring Book,Available,5
49907837,5.99,Dover Art Noveau Fashions Coloring Book,Not available,5
49907849,4.99,Dover Butterflies Coloring Book,Not available,5
49907851,5.99,Dover Creative Haven Winter Scenes Coloring Book,Available,5
49907859,4.99,Dover Fifty Favorite Birds Coloring Book,Not available,5
49907867,6.99,Dover Stained Glass Fanciful Butterflies Coloring Book,Not available,5
49907869,3.99,Dover Creative Haven Mosaics Coloring Book,Available,5
49907872,3.99,Dover Happy Halloween Coloring Book,Available,5
49907873,5.99,Dover Creative Haven Dimensions Coloring Book,Available,5
49907883,5.99,Dover Vintage Christmas Greetings Coloring Book,Not available,5
49907912,4.99,Dover North American Lighthouses Coloring Book,Available,5
49907920,5.99,Dover Spanish Masters Paintings Coloring Book,Not available,5
49907921,5.99,Dover Nature Mandalas Coloring Book,Not available,5
49907938,5.99,CH SkyScapes Coloring Book,Not available,5
49907954,5.99,Dover The Christmas Mandalas Coloring Book,Not available,5
49907970,5.99,Dover Creative Haven Snowflake Designs Coloring Book,Not available,5
49907981,6.99,Dover Stained Glass Dogs Coloring Book,Not available,5
49908009,3.99,Dover Famous Trains Coloring Book,Not available,5
49908028,6.99,Dover Stained Glass Audubon Birds Coloring Book,Not available,5
49908036,3.99,Dover Grand Canyon Plants   Animals Coloring Book,Not available,5
49908142,5.99,Dover Creative Cats Coloring Book,Not available,5
49908146,5.99,Dover Creative Haven Dream Doodles Coloring Book,Not available,5
49908166,7.99,Dover  Stained Glass Wild Horses Coloring Book,Not available,5
49908170,5.99,Dover Creative Haven Curious Creatures Coloring Book,Available,5
49908181,5.99,Dover Vintage Hand Fans Coloring Book,Not available,5
49908227,6.74,Dover Famous American Women & Fashions of the First Ladies Coloring Book,Not available,5
49908268,5.99,Dover Incredible Insect Designs Coloring Book,Not available,5
49908351,5.99,Dover Creative Haven Paisley Mandalas Coloring Book,Available,5
49908358,5.99,Dover Creative Haven CityScapes Coloring Book,Available,5
49908378,5.99,Dover Wild Animal Portraits Coloring Book,Not available,5
49908390,5.99,Dover Beautiful Butterfly Designs Coloring Book,Not available,5
49908412,5.99,Dover Creative Haven Amazon Animals Coloring Book,Available,5
49908431,5.99,Dover Creativ Haven Designer Desserts Coloring Book,Not available,5
49908433,9.99,Dover Sea Life Color by Number Coloring Book,Not available,5
49908436,5.99,Dover Creative Haven Chalkboard Art Coloring Book,Not available,5
49908447,5.99,Dover Country Scenes Coloring Book,Not available,5
49908472,5.99,Dover Van Gogh Paintings Coloring Book,Not available,5
49908499,4.99,Dover Old Fashion Farm Life Coloring Book,Not available,5
49908510,6.99,Dover Amazing Animals & Forest Animals Coloring Book,Not available,5
49908516,7.99,Dover Creatures of Night Stained Glass Coloring Book,Not available,5
49908525,6.99,Dover Stained Glass Floral Fantasies Coloring Book,Not available,5
49908537,3.95,Dover A Christmas Carol Coloring Book,Available,5
49908544,5.99,Dover Beautiful Birds Coloring Book,Not available,5
49908618,5.99,Dover Crazy Paisley Coloring Book,Not available,5
49908630,6.99,Dover Stained Glass Favorite Birds Coloring Book,Not available,5
49908673,4.99,Dover The Cat Coloring Book,Not available,5
49908714,5.99,Dover SeaScapes Coloring Book,Not available,5
49908719,9.99,Dover Wildlife Color by Number Coloring Book,Available,5
49908756,5.99,Dover Mehndi Designs Coloring Book,Not available,5
49908763,5.99,Dover Fanciful Faces Coloring Book,Not available,5
49908771,6.99,Dover Betty Boop Coloring Book,Available,5
49908787,5.99,Dover Steampunk Designs Coloring Book,Not available,5
49908802,3.99,Dover Floral Fairies Coloring Book,Available,5
49908810,3.99,Dover Rocky Mountains Plants & Animals Coloring Book,Available,5
49908822,5.99,Dover Creative Haven Patchwork Quilt Designs Coloring Book,Available,5
49908841,5.99,Dover Christmas Scapes Coloring Book,Available,5
49908847,3.99,Dover Creative Haven Mandala Techellations Coloring Book,Not available,5
49908851,5.99,Dover Kaleidoscope Designs Coloring Book,Not available,5
49908856,5.99,Dover Owls Coloring Book,Not available,5
49908895,5.99,Dover Entangled Coloring Book,Not available,5
49908947,5.99,Dover Awesome Animal Designs Coloring Book,Not available,5
49908982,4.99,Dover Great Flower Paintings Coloring Book,Not available,5
49918903,5.99,Dover In Full Bloom Coloring Book,Not available,5
49918905,9.99,Zentangle Zenspirations Birds   Butterfliess Coloring Book,Not available,5
49918909,9.99,Color Your Own Stickers Mandalas Coloring Book,Not available,5
49918922,19.99,Mandalas   More Treasury Coloring Book,Available,5
49918932,4.99,Dover Great Fairy Tale Illustrations Coloring Book,Not available,5
49918945,9.99,"Color Your Own Stickers Live, Laugh, Love Coloring Book",Not available,5
49918955,9.99,Color Your Own Stickers Inspirations Coloring Book,Not available,5
49918958,5.99,Dover Floral Mosaics Coloring Book,Not available,5
49918961,9.99,Zentangle Zenspirations Flowers Coloring Book,Not available,5
49918967,5.99,Dover Magnificent Mehndi Designs Coloring Book,Not available,5
49941611,14.97,"AdornIt ArtPlay Coloring Book, Chamberry",Available,5
49942061,13.29,Design Originals-Creative Coloring Flowers,Available,5
49942067,14.13,"AdornIt ArtPlay Coloring Book, Live Simply",Available,5
49942113,17.09,"AdornIt ArtPlay Coloring Book, Folk Garden",Available,5
49942348,14.85,"AdornIt ArtPlay Coloring Book, Documented Faith, Creative Faith",Available,5
49942436,17.83,"AdornIt ArtPlay Coloring Book, This 'n That",Available,5
49942537,17.9,"AdornIt ArtPlay Coloring Book, Critter Friends",Not available,5
49942594,6.37,Design Originals-Modern Flowers Coloring Book,Not available,5
49978797,9.3,Relajate coloreando Libro de colorear adultos/ Relax Coloring Adult Coloring Book,Available,5
49979977,9.62,Anne of Green Gables: A Coloring Book Visit to Avonlea,Available,5
49980266,6.89,Life Is Delicious: A Coloring Book for Grown-up Girls,Available,5
49980267,7.06,Colorful Blessings: A Coloring Book for Grown-Up Girls,Available,5
49980401,6.95,Mindfulness Adult Coloring Book,Not available,5
49980546,3.79,Doodles Buckeye State Coloring Fun,Available,5
49983027,6.29,Inkspirations Animal Kingdom: Captivating Coloring Designs Celebrating the Majesty of Animals,Available,5
49983028,6.29,Inkspirations for a Happy Heart: Inspired Coloring Designs to Lift Your Spirit and Feed Your Soul,Available,5
50015153,6.76,Midnight Garden Coloring Book,Available,5
50015182,6.76,Creative Haven Entangled Coloring Book,Available,5
50015260,6.76,Peacock Designs Coloring Book,Available,5
50015271,6.76,Crazy Paisley Coloring Book,Available,5
50015298,6.76,Curious Creatures Coloring Book,Available,5
50015349,6.76,Fanciful Faces Coloring Book,Available,5
50015517,12.99,Mandala Magic Coloring Book For Adults,Available,5
50016181,6.76,In Full Bloom Coloring Book,Available,5
50019205,9.99,Free Spirit Coloring Book,Available,5
50019209,14.99,Wonders of Nature Coloring Book,Not available,5
50019247,12.99,Elegant Escapes Coloring Book,Available,5
50019252,12.99,Patterned Escapes Coloring Book,Available,5
50019377,14.99,Mystical Mandalas Coloring Book,Available,5
50019438,9.99,Creative Coloring Inspirations 2 Coloring Book,Not available,5
50019483,14.99,Mindfulness Coloring Book,Available,5
50019521,9.99,Colorful Inspirations Coloring Book,Available,5
50019529,9.95,Creative Quilt Coloring Book,Available,5
50019552,9.99,Hipster Coloring Book,Available,5
50019700,12.99,Folk Art Escapes Coloring Book,Available,5
50020025,16.99,Color Me Calm Coloring Book,Available,5
50020026,16.99,Color Me Happy Coloring Book,Not available,5
50020032,16.99,Color Me Fearless Coloring Book,Available,5
50020039,9.99,Creative Coloring Botanicals Coloring Book,Available,5
50020054,12.99,Whimsical Escapes Coloring Book,Available,5
50020060,14.99,Vintage Coloring Book,Available,5
50034903,6.76,Zenscapes Coloring Book,Available,5
50035032,12.99,Eastern Magic Designs Coloring Book For Adults,Available,5
50035042,14.01,Art of Hamsa Kit,Available,5
50035174,10.44,Vive Le Color! India Coloring Book,Available,5
50036081,9.99,Dover Butterflies Color by Number Coloring Book,Not available,5
50036090,5.99,Dover Tiffany Designs Stained Glass Coloring Book,Not available,5
50036093,9.99,Dover Birds Color by Number Coloring Book,Not available,5
50036094,5.99,Dover Fabulous Fashions of the 1950s Coloring Book,Not available,5
50036103,5.99,Dover Creative Haven Celtic Designs Coloring Book,Not available,5
50036106,3.99,"Dover Kate, The Duchess of Cambridge Fashions Coloring Book",Not available,5
50088268,6.92,More Coloring for Contemplation Adult Coloring Book,Available,5
50089183,8.99,"Swear Word 2: An Adult Coloring Book 40 Hilarious, Rude and Funny Swearing and Cursing Designs",Not available,5
50090871,16,"The Coloring Book of Tangle Patterns: Pages, Templates & Patterns to Create & Play",Available,5
50090877,17.07,"The Mandala Guidebook: how to draw, paint and color expressive mandala art",Available,5
50091689,19.94,David Bowie Starman,Available,5
50091951,7.36,Color by Numbers - Calm: Adult Coloring Book,Not available,5
50092245,11.27,Vogue Colors a to Z Adult Coloring Book: A Fashion Coloring Book,Available,5
50092278,11.01,"The World of Debbie Macomber: Come Home to Color, an Adult Coloring Book",Available,5
50092309,8.7,"Pop Manga Adult Coloring Book: A Surreal Journey Through a Cute, Curious, Bizarre, and Beautiful World",Available,5
50180258,10.61,St. Martin's Books-Zendoodle Coloring: Calming Swirls,Available,5
50181850,14.8,C & T Publishing-Blooming Sanctuary Coloring Book,Available,5
50191407,10.06,C & T Publishing-Opulent Bazaar Coloring Book,Available,5
50250296,9.21,Alaska's Wild Life: An Adult Coloring Book Featuring the Artwork of Monica Estill,Available,5
50253064,11.15,The Sweet Shoppe Adult Coloring Book: A Fantastical & Splendid Display of Divine Confectionary Creation & Exquisite Candied Delights,Available,5
50253115,8.85,A Walk in the Garden Adult Coloring Book,Available,5
50553351,34.93,"The Holy Bible The Illustrator's Notetaking Bible: Holman Christian Standard, Purple Linen",Available,5
50553352,34.27,"The Illustrator's Note-Taking Bible: Holman Christian Standard Bible, British Tan Leathertouch, The Illustrator's Notetaking Bible",Available,5
50632631,3,"Leisure Arts Adult Coloring Book, Available in Multiple Designs",Available,5
50655904,3.9,Tropical Wonders Color Art for Everyone Adult Coloring Book,Available,5
50655905,4.43,Paisley Wonders Color Art for Everyone Adult Coloring Book,Available,5
50655907,3.9,Pattern Wonders Color Art for Everyone Adult Coloring Book,Available,5
50655909,2.38,Easter Wonders Color Art for Everyone Adult Coloring Book,Not available,5
50655910,3.9,Garden Wonders Color Art for Everyone Adult Coloring Book,Available,5
50655911,2.47,Spring Wonders Color Art for Everyone Adult Coloring Book,Not available,5
50655912,3.9,Flower Wonders Color Art for Everyone Adult Coloring Book,Available,5
50655913,2.47,Oriental Wonders Color Art for Everyone Adult Coloring Book,Not available,5
50655914,3.9,Design Wonders Color Art for Everyone Adult Coloring Book,Available,5
50655915,2.38,Faithful Wonders Color Art for Everyone Adult Coloring Book,Not available,5
50655916,3.9,Sweet Wonders Color Art for Everyone Adult Coloring Book,Available,5
50655917,3.9,Animal Wonders Color Art for Everyone Adult Coloring Book,Available,5
50655918,3.9,Inspired Wonders Color Art for Everyone Adult Coloring Book,Available,5
50720761,6.99,Don't Tell Me to F#cking Calm Down - Rude Insults Adult Coloring Book,Not available,5
50721826,9.41,Edgar Allan Poe An Adult Coloring Book,Available,5
50818722,10.33,The Coloring Cafe' Coloring Book-Color My Heart Happy,Available,5
50818723,7.06,"The Coloring Cafe Coloring Book, It's A Girl Thing",Available,5
50818724,7.06,"The Coloring Cafe Coloring Book, Colorful Blessings",Available,5
50818726,6.89,"The Coloring Cafe Coloring Book, Life Is Delicious",Available,5
50818773,12.95,"White Star Publishing Books My First Three Years Coloring Book, Boy",Available,5
50818817,12.95,"White Star Publishing Books My First Three Years Coloring Book, Girl",Available,5
50818978,8.42,Abrams Books Vive Le Color! Mandala Coloring,Available,5
50818999,11.5,"EarthArt Coloring Book, 20th Anniversary Critters",Available,5
50819000,11.93,"EarthArt Coloring Book, Polar Critters",Available,5
50819001,11.94,"EarthArt Coloring Book, Ice Age",Available,5
50819066,16.99,Coloring Crush Book Kit,Available,5
50819117,12.73,Design Originals Chalk-Style Botanicals Coloring Book,Available,5
50819119,9.48,Design Originals Chalk-Style Good Times Coloring Book,Available,5
50819133,5.99,"Hot Off The Press Coloring Book, 5" x 6", Zen Dragonflies""ot Off The Press Color",Available,5
50819138,5.99,"Hot Off The Press Coloring Book, 5" x 6", Birds and Owls""ot Off The Press Colo",Available,5
50819166,10.74,"KaiserColour Perfect Bound Coloring Book, Fashion Darling",Available,5
50819167,10.63,"KaiserColour Perfect Bound Coloring Book, Folk Dance",Available,5
50819168,9.99,"KaiserColour Perfect Bound Coloring Book, Fly Away",Available,5
50819170,10.74,"KaiserColour Perfect Bound Coloring Book, Indian Summer",Available,5
50819171,10.63,"KaiserColour Perfect Bound Coloring Book, Hidden Forest",Available,5
50819172,10.02,"KaiserColour Perfect Bound Coloring Book, Hello Hipster",Available,5
50845669,11.58,Beauty in the Bible: An Adult Coloring Book,Available,5
50846234,7.25,Men in Uniform Adult Coloring Book,Available,5
50846386,11.35,Spawn Adult Coloring Book,Available,5
50846670,8.58,Sensational Succulents: An Adult Coloring Book of Amazing Shapes and Magical Patterns,Available,5
50846875,8.12,The Amazing World of Horses: Adult Coloring Book,Available,5
50847133,8.99,Wolf Coloring Book: An Adult Coloring Book of Wolves Featuring 40 Wolf Designs in Various Styles,Not available,5
50848000,4.08,The O'reilly Animals: An Adult Coloring Book,Available,5
50849583,9.15,How to Draw Horses Adult Coloring Book,Not available,5
50849597,9.33,Imagimorphia Adult Coloring Book: An Extreme Coloring and Search Challenge,Available,5
50852145,6.76,Creative Cats Coloring Book,Available,5
50912541,9.95,Abrams Books Vive Le Color! Arabia Coloring Book,Available,5
50913776,9.77,Search Press Books Tangle Wood Coloring Book,Available,5
50972053,42.99,24 Aquarelle Watercolor Pencils Accessory,Not available,5
50973618,4.99,Dover Classic Movie Posters Coloring Book,Available,5
50973899,4.99,Dover Arctic & Antarctic Life Coloring Book,Available,5
50973962,4.99,Dover Wild Cats of the World Coloring Book,Available,5
50974144,5.99,Dover Enchanted Fairies Coloring Book,Not available,5
50974149,5.99,Dover Creative Haven Snowflake Mandalas Coloring Book,Available,5
50974208,7.99,Dover Wildflowers Stained Glass Coloring Book,Not available,5
50974244,6.99,Dover Stained Glass Wizards   Dragons Coloring Book,Not available,5
