﻿itemId,size,brandName,color,,,
3974,,Turtle Wax,,,,
3975,16 oz,Reed-union,Multicolor,,,
3976,,Mothers,Multicolor,,,
3977,,The Absorber,Multicolor,,,
3980,64 oz,Turtle Wax,Multicolor,,,
4006,14 oz,Turtle Wax,Multicolor,,,
4012,16 oz,Zymol,Multicolor,,,
870631,16 oz,Meguiar's,Clear,,,
870634,16 oz,Meguiar's,Multicolor,,,
871743,16 oz,Meguiar's,Multicolor,,,
871744,11 oz,Meguiar's,Off-White,,,
883170,1,Armor All,Multicolor,,,
883171,32 oz,Armor All,Multicolor,,,
883172,64 oz,Armored AutoGroup,Multicolor,,,
883173,64 oz,Armor All,Multicolor,,,
883185,,Walmart,Beige,,,
2642792,,Carrand,Gray,,,
2652134,,Carrand,Silver,,,
3342492,,Black & Decker,Multicolor,,,
5788303,"4.2" x 9.2""".2" x 9""2" x""" "" ",Campbell Hausfeld,,,,
7695982,,3M,Other,,,
7695983,,3M,,,,
7695987,,3M,Other,,,
7695988,D,3M,,,,
7695989,,3M,,,,
7695990,13X19.75x19,3M,,,,
7695991,,VICTORY MARINE,Other,,,
7695994,,3M,,,,
8728001,,KARCHER NORTH AMERICA,Multicolor,,,
10746778,,Cobra Electronics,Gray,,,
10982060,"8.9" x 7.55""".9" x 7.""9" x """ x"" x",Karcher,Multicolor,,,
10984379,,Karcher,Multicolor,,,
10993779,,All-Power America,Multicolor,,,
11020914,,Cobra,Multicolor,,,
11064932,"10.00" x 9.50" x 3.50"""0.00" x 9.50" x "".00" x 9.50""00" x 9""0" x""" "" ",Campbell Hausfeld,,,,
11064933,"12.00" x 12.00" x 3.00"""2.00" x 12.00" x "".00" x 12.00""00" x 12""0" x """ x"" x",Campbell Hausfeld,Multicolor,,,
11902783,,Bayou Classic,,,,
11902785,"12.50" x 8.50" x 3.50"""2.50" x 8.50" x "".50" x 8.50""50" x 8""0" x""" "" ",Bayou Classic,,,,
11902786,3.3X11.9x11.7,Bayou Classic,,,,
12449966,"9.40" x 6.70" x 2.60""".40" x 6.70" x 2""40" x 6.70" ""0" x 6.70""" x 6.7"" x 6.7",Rubbermaid Commercial Products,,,,
13012555,,Cycle Force Group,Black,,,
13023890,,3M,Red,,,
13399601,,Citrus Magic,Multicolor,,,
13432580,,Generic,Multicolor,,,
14053417,"3" x 6"""" x 6"" x 6",Sulfodene,Multicolor,,,
14150533,,As Seen on TV,Multicolor,,,
14294920,,The Original California,Red,,,
14294921,3.39x9.21x7.32,The Original California,Red,,,
14294923,,The Original California,Clear,,,
14294925,,The Original California,Clear,,,
14294927,3.75x8.25x4.75,The Original California,Red,,,
14294928,2.6x10.25x6.75,The Original California,Red,,,
14294929,,The Original California,Red,,,
14294930,,The Original California,Red,,,
14294931,"12.60" x 8.50" x 4.90"""2.60" x 8.50" x "".60" x 8.50""60" x 8""0" x""" "" ",The Original California,Red,,,
14294933,"9.00" x 8.00" x 2.00""".00" x 8.00" x 2""00" x 8.00" ""0" x 8.00""" x 8.0"" x 8.0",The Original California,Red,,,
14294934,,The Original California,Red,,,
14472571,"10.00" x 11.50" x 4.50"""0.00" x 11.50" x "".00" x 11.50""00" x 11""0" x """ x"" x",AR Blue Clean,Multicolor,,,
14472572,,AR Blue Clean,Multicolor,,,
14472575,,A.R. North America,Multicolor,,,
14504315,,Camco,Multicolor,,,
14504334,,Camco,,,,
14504335,,Camco,Multicolor,,,
14504338,,Camco,Multicolor,,,
14667936,,Rockwell,,,,
14698289,,PERFORM TOOL,Multicolor,,,
14698309,,Wilmar,Multicolor,,,
14698667,,Titan,Multicolor,,,
14698668,,Titan,,,,
14698669,,TITAN TOOLS,Multicolor,,,
14711574,,Karcher,Black,,,
14711575,"7"L x 5"W x 1.5"H"""L x 5"W x 1.5"""L x 5"W x 1.5""" x 5"W x""x 5",Karcher,,,,
14711576,"7"L x 5"W x 1.5"H"""L x 5"W x 1.5"""L x 5"W x 1.5""" x 5"W x""x 5",Karcher,Silver,,,
14711578,,Karcher,Yellow,,,
14711579,,Karcher,Black,,,
14711580,,KARCHER NORTH AMERICA,Multicolor,,,
14872607,,Armor All,Multicolor,,,
14881968,,Sheffield,Multicolor,,,
14915450,,3M,Blue,,,
14971768,,Titan,Multicolor,,,
14982833,,Unger,Green,,,
14982838,,Unger,Multicolor,,,
15028888,,Renuzit,,,,
15033115,,DampRid,Multicolor,,,
15054346,,Hyundai,,,,
15065346,,Hyde Mfg.,Multicolor,,,
15085362,,Hyde Mfg.,Multicolor,,,
15085370,,Hyde Mfg.,Multicolor,,,
15085373,,Hyde Mfg.,Multicolor,,,
15085374,,Hyde Mfg.,Multicolor,,,
15107585,,Titan,,,,
15111242,,Detailer's Choice,Silver,,,
15111243,,Detailer's Choice,Silver,,,
15111244,,Detailer's Choice,Blue,,,
15111245,,Detailer's Choice,Red,,,
15125743,,Trademark Global,,,,
15125758,,Eagle One,Multicolor,,,
15127900,,PERFORM TOOL,Multicolor,,,
15137627,,Mothers,Multicolor,,,
15137628,,Mothers,Multicolor,,,
16386203,,Meguiar's,Multicolor,,,
16386208,,Meguiar's,Multicolor,,,
16767853,,Turtle Wax,Multicolor,,,
16888946,,Turtle Wax,Multicolor,,,
16888970,,Turtle Wax,,,,
16927980,,Turtle Wax,Multicolor,,,
17481290,,Surf City Garage,Multicolor,,,
19514363,,Valvoline,,,,
19802915,,Invisible Glass,Multicolor,,,
19864192,,Turtle Wax,,,,
19864193,,ICE,Multicolor,,,
19864238,,WORX All-Natural Hand Cleaner,Green,,,
19897918,,Armor All,Multicolor,,,
21022187,,OIL EATER,Multicolor,,,
21175402,,Armor All,Multicolor,,,
21320545,,MrGreen,,,,
21782795,,Gold Eagle,Multicolor,,,
21784232,,OIL EATER,Multicolor,,,
22573835,,,Multicolor,,,
22573836,"4.2" x 9.2""".2" x 9""2" x""" "" ",,Multicolor,,,
24077118,,Zwipes,Orange,,,
24628531,,,Multicolor,,,
25063398,,Carrand,Multicolor,,,
29077962,D,Meguiar's,Multicolor,,,
29670206,,Meguiar's,,,,
29670208,13X19.75x19,Meguiar's,,,,
30340896,,Meguiar's,Multicolor,,,
31023779,,,Multicolor,,,
35032079,,Generic,Multicolor,,,
37004289,,PowerBoss,Multicolor,,,
37083232,"8.9" x 7.55""".9" x 7.""9" x """ x"" x",Briggs & Stratton,Multicolor,,,
37083235,,Briggs & Stratton,,,,
37467890,,Generac,Multicolor,,,
37468265,,Generac,Multicolor,,,
37468476,"10.00" x 9.50" x 3.50"""0.00" x 9.50" x "".00" x 9.50""00" x 9""0" x""" "" ",Generac,Multicolor,,,
37469357,"12.00" x 12.00" x 3.00"""2.00" x 12.00" x "".00" x 12.00""00" x 12""0" x """ x"" x",Generac,Multicolor,,,
37469463,,Generac,Multicolor,,,
37469727,"12.50" x 8.50" x 3.50"""2.50" x 8.50" x "".50" x 8.50""50" x 8""0" x""" "" ",Generac,Multicolor,,,
37469981,3.3X11.9x11.7,Generac,Clear,,,
37470497,"9.40" x 6.70" x 2.60""".40" x 6.70" x 2""40" x 6.70" ""0" x 6.70""" x 6.7"" x 6.7",Generac,Multicolor,,,
37470538,,Generac,Multicolor,,,
43246211,,Plexus,,,,
45524146,,Weather Tech,,,,
45524149,,Weather Tech,Multicolor,,,
45524151,"3" x 6"""" x 6"" x 6",Weather Tech,Multicolor,,,
45524152,,Weather Tech,Multicolor,,,
45524154,,Weather Tech,Multicolor,,,
45524155,3.39x9.21x7.32,Weather Tech,Multicolor,,,
45524156,,Weather Tech,Multicolor,,,
45524162,,Weather Tech,,,,
45524164,3.75x8.25x4.75,Weather Tech,Multicolor,,,
45524165,2.6x10.25x6.75,Weather Tech,Multicolor,,,
45524169,,Weather Tech,,,,
45612207,,Weather Tech,Multicolor,,,
45626478,"12.60" x 8.50" x 4.90"""2.60" x 8.50" x "".60" x 8.50""60" x 8""0" x""" "" ",Gold Eagle,Multicolor,,,
45626481,"9.00" x 8.00" x 2.00""".00" x 8.00" x 2""00" x 8.00" ""0" x 8.00""" x 8.0"" x 8.0",Gold Eagle,Multicolor,,,
45626483,,Generic,Multicolor,,,
45626707,"10.00" x 11.50" x 4.50"""0.00" x 11.50" x "".00" x 11.50""00" x 11""0" x """ x"" x",Gold Eagle,Multicolor,,,
46271650,,Turtle Wax,Green,,,
46424563,,Meguiar's,,,,
46543563,,Armor All,,,,
46572248,,Armor All,,,,
46698169,,Invisible Glass,Multicolor,,,
47209598,,,Multicolor,,,
47209600,,,Multicolor,,,
47470432,,Black+Decker,Multicolor,,,
48180779,,Leather Honey Leather Cleaner,,,,
48507376,,Invisible Glass,Multicolor,,,
49306301,,OIL EATER,,,,
49623500,,SQ,,,,
50722960,,Armor All,,,,
51088229,"7"L x 5"W x 1.5"H"""L x 5"W x 1.5"""L x 5"W x 1.5""" x 5"W x""x 5",Turtle Wax,,,,
51088231,"7"L x 5"W x 1.5"H"""L x 5"W x 1.5"""L x 5"W x 1.5""" x 5"W x""x 5",Turtle Wax,Multicolor,,,
51428174,,Powerfit,,,,
51471864,,Generic,Multicolor,,,
51471866,,Generic,Multicolor,,,
51471867,,Generic,Multicolor,,,
51471868,,Generic,Multicolor,,,
51554511,,Armor All,,,,
51575291,,Meguiar's,,,,
52373292,,Generic,,,,
52373293,,Generic,,,,
52373294,,Generic,,,,
52373295,,Generic,,,,
52373296,,Generic,,,,
52373297,,Generic,,,,
52373298,,Generic,,,,
52373299,,Generic,,,,
52373300,,Generic,,,,
52373301,,Generic,,,,
52373303,,Generic,,,,
52614780,,Turtle Wax,Multicolor,,,
52729698,,Biocide Systems,,,,
52729699,,Biocide Systems,,,,
53426301,,Generic,,,,
53426484,,Generic,,,,
53461043,,Imperial Home,,,,
53467527,,Imperial Home,Yellow,,,
53467767,,Generic,,,,
54163181,,Generic,,,,
54264439,,Armor All,,,,
54288412,,Meguiar's,Other,,,
54308381,,Armor All,,,,
54429723,,DDI,,,,
54430199,,None,,,,
54430300,,Generic,Black,,,
54434902,,Generic,Silver,,,
54435216,,DDI,,,,
54436451,,DDI,,,,
54436530,,DDI,,,,
54436534,,Generic,,,,
54437612,,POP-UP,,,,
54437727,,None,,,,
54437843,,None,,,,
54439104,,Imperial Home,Brown,,,
54439567,,Imperial Home,Other,,,
54440034,,GARCR,,,,
54440047,,HGM,,,,
54440051,,Generic,,,,
54440062,,NAH,,,,
54440067,,Generic,,,,
54440205,,HGM,,,,
54440221,,HGM,,,,
54440225,,NAH,,,,
54440238,,Generic,,,,
54440262,,Generic,,,,
54440275,,Generic,,,,
54440292,,NAH,,,,
54440303,,Generic,,,,
54440324,,NAH,,,,
54440345,,HGM,,,,
54440385,,GARCR,,,,
54440396,,Generic,,,,
54440415,,Generic,,,,
54440434,,Generic,,,,
54440440,,NAH,,,,
54440449,,Generic,,,,
54442483,,Telebrands,,,,
54444710,,Generic,,,,
54596023,,Generic,,,,
54596026,,Generic,,,,
54945170,,Hurst,,,,
54945171,,,,,,
54945172,,Garmin USA,Multicolor,,, 
54945173,,Garmin,Multicolor,,,
54945174,,Garmin,Black,,,
54945175,,Garmin,Black,,,
54945176,"4.2" x 9.2""".2" x 9""2" x""" "" ",default,Multicolor,,,
54945177,,Pyle,Multicolor,,,
54945178,,Scosche,,,,
870826,,,,,,
870830,D,Energizer,Other,,,
870833,,Pyle,Other,,,
870835,13X19.75x19,TIC,Other,,,
880487,,XO Vision,,,,
896348,,XO Vision,,,,
896355,,Case Logic,Black,,,
896357,,,,,,
931908,"8.9" x 7.55""".9" x 7.""9" x """ x"" x",XO Vision,Black,,,
931909,,XO Vision,Black,,,
931911,,Preserve,,,,
931912,,COBRA,,,,
931913,"10.00" x 9.50" x 3.50"""0.00" x 9.50" x "".00" x 9.50""00" x 9""0" x""" "" ",Cobra Electronics,Yellow,,,
1233539,"12.00" x 12.00" x 3.00"""2.00" x 12.00" x "".00" x 12.00""00" x 12""0" x """ x"" x",Cobra Electronics,Multicolor,,,
1233548,,Cobra Electronics,,,,
1863065,"12.50" x 8.50" x 3.50"""2.50" x 8.50" x "".50" x 8.50""50" x 8""0" x""" "" ",Cobra,Black,,,
1863068,3.3X11.9x11.7,Midland,Multicolor,,,
1863069,"9.40" x 6.70" x 2.60""".40" x 6.70" x 2""40" x 6.70" ""0" x 6.70""" x 6.7"" x 6.7",Midland,Black,,,
1863071,,Uniden,,,,
1943063,,Uniden,,,,
1943064,,Uniden,,,,
1956733,,Uniden,Multicolor,,,
2045622,"3" x 6"""" x 6"" x 6",Uniden,Black,,,
2128760,,Scosche,,,,
2470843,,Garmin,Multicolor,,,
2553355,3.39x9.21x7.32,AmpliVox,Other,,,
2606831,,Pyle,White,,,
2606832,,Pyle,Black,,,
2606833,3.75x8.25x4.75,Chamberlain,Multicolor,,,
2606837,2.6x10.25x6.75,Whistler,Multicolor,,,
2630319,,BRACKETRON INC,Black,,,
2630332,,Arkon,,,,
3212564,"12.60" x 8.50" x 4.90"""2.60" x 8.50" x "".60" x 8.50""60" x 8""0" x""" "" ",Cobra,Multicolor,,,
3371479,"9.00" x 8.00" x 2.00""".00" x 8.00" x 2""00" x 8.00" ""0" x 8.00""" x 8.0"" x 8.0",Cobra,Black,,,
3371480,,Cobra,Multicolor,,,
3380854,"10.00" x 11.50" x 4.50"""0.00" x 11.50" x "".00" x 11.50""00" x 11""0" x """ x"" x",Cobra,Gray,,,
3592019,,Cobra,Multicolor,,,
3620419,,XM,,,,
3910265,,Scosche,,,,
3910267,,Scosche,,,,
3922099,,Scosche,,,,
4172357,,Scosche,,,,
4213069,,Scosche,,,,
4213095,,Scosche,,,,
4213097,,Scosche,,,,
4253093,,Scosche,,,,
4253095,,Scosche,,,,
4307170,,Scosche,,,,
4407766,,Scosche,,,,
4642484,"7"L x 5"W x 1.5"H"""L x 5"W x 1.5"""L x 5"W x 1.5""" x 5"W x""x 5",Scosche,,,,
4694327,"7"L x 5"W x 1.5"H"""L x 5"W x 1.5"""L x 5"W x 1.5""" x 5"W x""x 5",Scosche,,,,
4756625,,Scosche,,,,
4756626,,Scosche,,,,
4836813,,Scosche,,,,
4891078,,Scosche,,,,
4891520,,Scosche,,,,
4956678,,Scosche,,,,
5162346,,Scosche,,,,
5533607,,Scosche,,,,
5691045,,Scosche,,,,
5691046,,Scosche,,,,
5700316,,Scosche,,,,
5799533,,Scosche,,,,
5823412,,Scosche,,,,
5871514,,Scosche,,,,
5913444,,Scosche,,,,
5913672,,Scosche,,,,
6015169,,Scosche,,,,
6022411,,Scosche,,,,
6435006,,Scosche,,,,
6487955,,Scosche,,,,
7386379,,Scosche,,,,
7386393,,Scosche,,,,
7731281,,Scosche,,,,
7980961,,Scosche,,,,
7983242,,Scosche,,,,
8144080,,Scosche,,,,
8144086,,Scosche,,,,
8144087,,Scosche,Blue,,,
8154370,,Scosche,Red,,,
8154376,,Scosche,Gray,,,
8154379,,Scosche,,,,
8154382,,Scosche,,,,
8154383,,Scosche,,,,
8154396,,Scosche,,,,
8154405,,Scosche,,,,
8251801,,Scosche,,,,
8251802,,Scosche,,,,
8251804,,Scosche,,,,
8399430,,Scosche,,,,
8811772,,Scosche,,,,
9189611,,Scosche,,,,
9189629,,Scosche,,,,
9224432,,Scosche,,,,
9713661,,Scosche,,,,
9713693,,Scosche,,,,
9721020,,Scosche,,,,
9729856,,Scosche,,,,
9893718,,Scosche,,,,
9894193,,Scosche,,,,
9894194,,Garmin USA,Multicolor,,,
9894195,,Garmin,Multicolor,,,
9894198,,Garmin,Black,,,
9894199,,Garmin,Black,,,
9917114,"4.2" x 9.2""".2" x 9""2" x""" "" ",default,Multicolor,,,
9917115,,Pyle,Multicolor,,,
10088153,,Scosche,,,,
10236451,,,,,,
10242694,D,Energizer,Other,,,
10298569,,Pyle,Other,,,
10298572,13X19.75x19,TIC,Other,,,
10304460,,XO Vision,,,,
10304462,,XO Vision,,,,
10326439,,Case Logic,Black,,,
10543584,,,,,,
10574632,"8.9" x 7.55""".9" x 7.""9" x """ x"" x",XO Vision,Black,,,
10574633,,XO Vision,Black,,,
10575432,,Preserve,,,,
10603633,,COBRA,,,,
10603634,"10.00" x 9.50" x 3.50"""0.00" x 9.50" x "".00" x 9.50""00" x 9""0" x""" "" ",Cobra Electronics,Yellow,,,
10603635,"12.00" x 12.00" x 3.00"""2.00" x 12.00" x "".00" x 12.00""00" x 12""0" x """ x"" x",Cobra Electronics,Multicolor,,,
10603636,,Cobra Electronics,,,,
10603637,"12.50" x 8.50" x 3.50"""2.50" x 8.50" x "".50" x 8.50""50" x 8""0" x""" "" ",Cobra,Black,,,
10603642,3.3X11.9x11.7,Midland,Multicolor,,,
10603644,"9.40" x 6.70" x 2.60""".40" x 6.70" x 2""40" x 6.70" ""0" x 6.70""" x 6.7"" x 6.7",Midland,Black,,,
10603647,,Uniden,,,,
10603651,,Uniden,,,,
10603654,,Uniden,,,,
10603655,,Uniden,Multicolor,,,
10603656,"3" x 6"""" x 6"" x 6",Uniden,Black,,,
10629475,,Scosche,,,,
10710684,,Garmin,Multicolor,,,
10719864,3.39x9.21x7.32,AmpliVox,Other,,,
10737168,,Pyle,White,,,
10737170,,Pyle,Black,,,
10737584,3.75x8.25x4.75,Chamberlain,Multicolor,,,
10737595,2.6x10.25x6.75,Whistler,Multicolor,,,
10741273,,BRACKETRON INC,Black,,,
10741278,,Arkon,,,,
10746773,"12.60" x 8.50" x 4.90"""2.60" x 8.50" x "".60" x 8.50""60" x 8""0" x""" "" ",Cobra,Multicolor,,,
10746774,"9.00" x 8.00" x 2.00""".00" x 8.00" x 2""00" x 8.00" ""0" x 8.00""" x 8.0"" x 8.0",Cobra,Black,,,
10746775,,Cobra,Multicolor,,,
10746776,"10.00" x 11.50" x 4.50"""0.00" x 11.50" x "".00" x 11.50""00" x 11""0" x """ x"" x",Cobra,Gray,,,
10746777,,Cobra,Multicolor,,,
10746819,,XM,,,,
10752368,,Scosche,,,,
10752372,,Scosche,,,,
10752373,,Scosche,,,,
10752374,,Scosche,,,,
10752375,,Scosche,,,,
10752376,,Scosche,,,,
10752377,,Scosche,,,,
10752379,,Scosche,,,,
10752380,,Scosche,,,,
10752381,,Scosche,,,,
10752382,,Scosche,,,,
10752383,"7"L x 5"W x 1.5"H"""L x 5"W x 1.5"""L x 5"W x 1.5""" x 5"W x""x 5",Scosche,,,,
10752384,"7"L x 5"W x 1.5"H"""L x 5"W x 1.5"""L x 5"W x 1.5""" x 5"W x""x 5",Scosche,,,,
10752388,,Scosche,,,,
10752389,,Scosche,,,,
10752390,,Scosche,,,,
10752391,,Scosche,,,,
10752392,,Scosche,,,,
10752393,,Scosche,,,,
10752394,,Scosche,,,,
10752395,,Scosche,,,,
10752396,,Scosche,,,,
10752397,,Scosche,,,,
10752513,,Scosche,,,,
10752514,,Scosche,,,,
10752515,,Scosche,,,,
10752516,,Scosche,,,,
10752517,,Scosche,,,,
10752518,,Scosche,,,,
10752519,,Scosche,,,,
10752520,,Scosche,,,,
10752521,,Scosche,,,,
10752522,,Scosche,,,,
10752523,,Scosche,,,,
10752524,,Scosche,,,,
10752525,,Scosche,,,,
10752526,,Scosche,,,,
10756033,,Scosche,,,,
10756034,,Scosche,,,,
10756035,,Scosche,,,,
10756036,,Scosche,Blue,,,
10756037,,Scosche,Red,,,
10756038,,Scosche,Gray,,,
10756039,"7"L x 5"W x 1.5"H"""L x 5"W x 1.5"""L x 5"W x 1.5""" x 5"W x""x 5",Scosche,,,,
10756040,"7"L x 5"W x 1.5"H"""L x 5"W x 1.5"""L x 5"W x 1.5""" x 5"W x""x 5",Scosche,,,,
10756041,,Scosche,,,,
10756042,,Scosche,,,,
10756043,,Scosche,,,,
10756045,,Scosche,,,,
10756046,,Scosche,,,,
10756047,,Scosche,,,,
10756049,,Scosche,,,,
10756050,,Scosche,,,,
10756051,,Scosche,,,,
10756052,,Scosche,,,,
10756053,,Scosche,,,,
10756054,,Scosche,,,,
10756055,,Scosche,,,,
10756056,,Scosche,,,,
10756057,,Scosche,,,,
10756058,,Scosche,,,,
10756059,,Scosche,,,,
10756062,,Scosche, ,,,
10756069,,Scosche,,,,
10756072,,Scosche,,,,
10756073,,Scosche,,,,
10756074,,Scosche,,,,
10756075,,Scosche,,,,
10756076,,Scosche,,,,
10756077,,Scosche,,,,
10756078,,Scosche,,,,
10756081,,Scosche,,,,
10756082,,Scosche,,,,
10756083,,Scosche,,,,
10756084,,Best Kits,,,,
10756085,,Scosche,Silver,,,
10756086,,Scosche,,,,
10756088,,Scosche,,,,
10756089,,Scosche,,,,
10756155,,Scosche,,,,
10756157,,Scosche,,,,
10756158,,Scosche,,,,
10756159,,Scosche,,,,
10756160,,Scosche,,,,
10756161,,Scosche,,,,
10756162,,Scosche,,,,
10756163,,Scosche,,,,
10756164,,Scosche,,,,
10756165,,Scosche,,,,
10756166,,Scosche,,,,
10756167,,Scosche,,,,
10756168,,Scosche,,,,
10756169,,Scosche,,,,
10756170,,Scosche,,,,
10756171,,Scosche,,,,
10756172,,Scosche,Silver,,,
10756173,,Scosche,,,,
10756174,,Scosche,,,,
10756175,,Scosche,,,,
10756176,,Scosche,,,,
10756177,,Scosche,,,,
10756178,,Scosche,,,,
10756180,,Scosche,,,,
10756182,"12.00" x 11.00" x 4.00"""2.00" x 11.00" x "".00" x 11.00""00" x 11""0" x """ x"" x",Kenwood,Multicolor,,,
10765461,,iGO,White,,,
10770437,"12.00" x 13.00" x 3.00"""2.00" x 13.00" x "".00" x 13.00""00" x 13""0" x """ x"" x",Cobra,Multicolor,,,
10793752,,Midland,Multicolor,,,
10966174,,XO Vision,,,,
10972997,,Garmin,Multicolor,,,
11008177,One Size,Cobra,Multicolor,,,
11018926,"8.75" x 8.25""".75" x 8""75" ""5",TERK,Multicolor,,,
11018938,"11.00" x 9.50" x 2.75"""1.00" x 9.50" x "".00" x 9.50""00" x 9""0" x""" "" ",TERK,Multicolor,,,
11018947,,Terk,Multicolor,,,
11018949,,TERK,Multicolor,,,
11018950,"58.50" x 3.80" x 3.30"""8.50" x 3.80" x "".50" x 3.80""50" x 3""0" x""" "" ",TERK,Multicolor,,,
11018951,"8.50" x 7.00" x 3.50""".50" x 7.00" x 3""50" x 7.00" ""0" x 7.00""" x 7.0"" x 7.0",default,Multicolor,,,
11018952,,Cobra,Black,,,
11020916,,Whistler,,,,
11030482,,Whistler,,,,
11030485,,Whistler,Black,,,
11030486,,Whistler,,,,
11030488,,Magellan,Black,,,
11060981,,JVC,,,,
11062597,,Pioneer,,,,
11062618,,Pioneer,Black,,,
11062620,,Bushnell,Multicolor,,,
11062658,,Dual,,,,
11063317,"6.5", 1""".5",""5",Dual,Black,,,
11063318,,Dual,,,,
11063319,,Dual,Black,,,
11063320,,XO Vision,,,,
11063326,,AudioSource,,,,
11064256,,Cobra Electronics,,,,
11070020,,XO Vision,,,,
11078694,,Monster Cable,,,,
11078720,"16.50" x 12.20" x 5.30"""6.50" x 12.20" x "".50" x 12.20""50" x 12""0" x """ x"" x",Tripp Lite,Multicolor,,,
11084217,3.8x10.2x6.5,Tripp Lite,Multicolor,,,
11084218,1x7.75x3.9,RCA,Multicolor,,,
11684432,3.4x6.5x6.2,Uniden,Multicolor,,,
11960325,,,Multicolor,,,
11962962,,Uniden,Multicolor,,,
11962963,"8" x 7.5"""" x 7.5"" x 7.5",BOSS,Multicolor,,,
11968793,"2" x 7"""" x 7"" x 7",BOSS,Multicolor,,,
11968794,"2" x 8"""" x 8"" x 8",BOSS,Multicolor,,,
11968795,2x9.3X8.55,BOSS,Multicolor,,,
11968796,3X11.25x8.5,BOSS,Multicolor,,,
11968797,"1" x 5"""" x 5"" x 5",BOSS,Multicolor,,,
11968798,"1" x 5"""" x 5"" x 5",BOSS,Multicolor,,,
11968799,"1" x 7"""" x 7"" x 7",BOSS,Multicolor,,,
11968801,"3" x 8"""" x 8"" x 8",BOSS,Multicolor,,,
11968804,"3" x 4"""" x 4"" x 4",BOSS,Red,,,
11968806,"3" x 8"""" x 8"" x 8",BOSS,Black,,,
11968809,"5.25"""",BOSS,Multicolor,,,
11968811,"1.5" x 7""".5" x""5"""",BOSS,Multicolor,,,
11968813,"5" x 7"""" x 7"" x 7",BOSS,Multicolor,,,
11968816,3.25x14.5x7.25,BOSS,Black,,,
11968843,"2" x 4"""" x 4"" x 4",BOSS,Multicolor,,,
11968844,3X13.4x6.6,BOSS,Multicolor,,,
11968845,"Under 5"""",BOSS,Multicolor,,,
11968849,"15.50" x 10.00" x 3.50"""5.50" x 10.00" x "".50" x 10.00""50" x 10""0" x """ x"" x",BOSS,Multicolor,,,
11968850,"3.5" x 11""".5" x ""5" """""",BOSS,Multicolor,,,
11968851,1.5x9.75x7,BOSS,Multicolor,,,
11968852,"14.00" x 11.50" x 5.00"""4.00" x 11.50" x "".00" x 11.50""00" x 11""0" x """ x"" x",BOSS,Multicolor,,,
11968854,"14.00" x 11.00" x 5.00"""4.00" x 11.00" x "".00" x 11.00""00" x 11""0" x """ x"" x",BOSS,Black,,,
11968855,"12.50" x 11.50" x 5.00"""2.50" x 11.50" x "".50" x 11.50""50" x 11""0" x """ x"" x",BOSS,Multicolor,,,
11968860,,BOSS,Black,,,
11968886,,BOSS,,,,
11969133,,BOSS,,,,
11969138,,Boss Audio,,,,
11969140,,Garmin,Multicolor,,,
11973953,,Garmin,Black,,,
11973954,,Dual,,,,
11973976,"13.30" x 12.00" x 3.00"""3.30" x 12.00" x "".30" x 12.00""30" x 12""0" x """ x"" x",Cobra Electronics,Silver,,,
11974000,"13.25" x 12.00" x 3.00"""3.25" x 12.00" x "".25" x 12.00""25" x 12""5" x """ x"" x",Cobra,Multicolor,,,
11974001,,Cobra,Other,,,
11974002,,Cobra,,,,
11974005,"0.5" x 0.5""".5" x 0""5" x""" "" ",Cobra Electronics,Multicolor,,,
11974006,"0.5" x 9""".5" x""5"""",Cobra Electronics,Multicolor,,,
11974007,"3" x 6"""" x 6"" x 6",Cobra,Black,,,
11974008,"38.00" x 6.00" x 3.00"""8.00" x 6.00" x "".00" x 6.00""00" x 6""0" x""" "" ",Cobra Electronics,Black,,,
11974009,"2.5" x 8.5""".5" x 8""5" x""" "" ",Cobra Electronics,Black,,,
11974010,,Cobra,,,,
11974014,"6" x 3.5"""" x 3.5"" x 3.5",Cobra Electronics,Other,,,
11974135,,Cobra Digital,,,,
11974137,,COBRA,,,,
11974138,,Cobra,,,,
11974139,,Cobra,Black,,,
11974147,,Scosche,,,,
11979922,,Scosche,,,,
11979927,One Size,Garmin,Multicolor,,,
11980358,,Scosche,,,,
11988090,,Scosche,,,,
11988091,,Scosche,,,,
11988092,,Scosche,,,,
11988093,,Scosche,,,,
11988094,,Scosche,,,,
11988095,,Scosche,,,,
11988096,,Garmin,,,,
11988335,,Bracketron,Multicolor,,,
11988336,,Garmin,,,,
11988339,"14.00" x 15.00" x 5.00"""4.00" x 15.00" x "".00" x 15.00""00" x 15""0" x """ x"" x",BOSS,Multicolor,,,
11992370,,BOSS,,,,
11992373,"9.00" x 5.00" x 3.00""".00" x 5.00" x 3""00" x 5.00" ""0" x 5.00""" x 5.0"" x 5.0",Pioneer,Multicolor,,,
11993260,,Pioneer,,,,
11993261,"10.50" x 10.50" x 4.00"""0.50" x 10.50" x "".50" x 10.50""50" x 10""0" x """ x"" x",Pioneer,Multicolor,,,
11993267,,Xtensive Car Audio,,,,
11993274,,Pioneer,,,,
11993275,"11.90" x 9.20" x 4.10"""1.90" x 9.20" x "".90" x 9.20""90" x 9""0" x""" "" ",Pioneer,Black,,,
11993276,"14.25" x 11.00" x 6.75"""4.25" x 11.00" x "".25" x 11.00""25" x 11""5" x """ x"" x",Pioneer,Multicolor,,,
11993277,,,,,,
11993280,,Pioneer,,,,
11993281,,Pioneer,,,,
11993282,,XO Vision,,,,
12016342,"1" x 5"""" x 5"" x 5",Pyle,Multicolor,,,
12016352,"6.5" x 4""".5" x""5"""",Pyle,White,,,
12016361,"5" x 6.5"""" x 6.5"" x 6.5",Pyle,Multicolor,,,
12016362,pair,Pyle,White,,,
12016363,"24.00" x 15.50" x 13.25"""4.00" x 15.50" x 1"".00" x 15.50"""00" x 15.""0" x 1""" x "" x ",Pyle,Multicolor,,,
12016367,,,,,,
12016368,,Pyle,White,,,
12016370,"24.00" x 15.00" x 13.00"""4.00" x 15.00" x 1"".00" x 15.00"""00" x 15.""0" x 1""" x "" x ",Pyle,Black,,,
12016371,,Magellan,,,,
12025097,,Magellan,,,,
12025098,6x11.4x11.3,Pyle,Multicolor,,,
12029439,"20.75" x 13.75" x 12.50"""0.75" x 13.75" x 1"".75" x 13.75"""75" x 13.""5" x 1""" x "" x ",Pyle,Multicolor,,,
12029440,5.6x6.4x5.6,Pyle,Multicolor,,,
12029442,,Power Acoustik,Black,,,
12321963,1.15x6.6x5.15,Power Acoustik,Multicolor,,,
12321969,,Power Acoustik,,,,
12321974,,VocoPro,Multicolor,,,
12330353,"9.20" x 6.30" x 3.00""".20" x 6.30" x 3""20" x 6.30" ""0" x 6.30""" x 6.3"" x 6.3",Power Acoustik,Multicolor,,,
12343481,,Power Acoustik,,,,
12343484,,Power Acoustik,Beige,,,
12343506,6.8x29x14.1,Power Acoustik,Black,,,
12343507,,Power Acoustik,Gray,,,
12343508,"7" x 14"""" x 14"" x 14",Power Acoustik,Gray,,,
12343509,,Power Acoustik,Assorted,,,
12343513,,Power Acoustik,Gray,,,
12343514,,Power Acoustik,Multicolor,,,
12343515,,Power Acoustik,,,,
12343516,"1.5" x 22""".5" x ""5" """""",Dual Electronics,Multicolor,,,
12343630,apple,Dual,Multicolor,,,
12343635,"0.5" x 4""".5" x""5"""",Dual,Multicolor,,,
12343640,"9.00" x 8.00" x 2.00""".00" x 8.00" x 2""00" x 8.00" ""0" x 8.00""" x 8.0"" x 8.0",Power Acoustik,Multicolor,,,
12343662,"12.00" x 10.50" x 10.00"""2.00" x 10.50" x 1"".00" x 10.50"""00" x 10.""0" x 1""" x "" x ",Dual,Multicolor,,,
12343705,,Power Acoustik,,,,
12343833,,Power Acoustik,,,,
12343834,,Power Acoustik,,,,
12343836,,Power Acoustik,,,,
12343838,,Power Acoustik,,,,
12343840,,Power Acoustik,,,,
12343846,,DP Video,,,,
12347326,,DP Video,,,,
12347332,,Midland,Multicolor,,,
12429496,,Midland,Multicolor,,,
