﻿itemId,salePrice,name,stock,aisleId
3974,5.87,Turtle Wax Zip Wax Car Wash,Available,2
3975,9.35,Nu Finish Car Wax,Available,2
3976,6.97,Mothers Polish 5701 CA. Gold Original Cleaner Wax - Liquid,Available,2
3977,9.84,The Absorber - Synthetic Chamois Drying Towel,Available,2
3980,7.04,Turtle Wax T-79 Zip Wax Liquid Car Wash and Wax. 64 oz.,Available,2
4006,3.92,Turtle Wax&#174; Super Hard Shell Paste Wax,Available,2
4012,8.77,Turtle Wax Zymol Cleaner Wax,Available,2
870631,4.96,Meguiar's Quik Detailer,Available,2
870634,10.97,Meguiar's Gold Class Carnauba Plus Liquid Car Wax,Available,2
871743,6.77,Meguiar's Cleaner Wax Liquid,Available,2
871744,7.47,Meguiar'S Cleaner Wax Paste,Available,2
883170,2.97,Armor All Original Shine Protectant 10-oz.,Not available,2
883171,7.27,Armor All Original Shine Protectant 32-oz.,Not available,2
883172,6.46,Armor All Car Wash,Available,2
883173,13.47,Armor All Original Shine Protectant 64-oz.,Not available,2
883185,13.95,Tanner's Select Natural Chamois Available in Multiple Size,Available,2
2642792,2,Interior/Exterior Detail Brush,Available,2
2652134,2.71,Deluxe Detail Brush Set,Available,2
3342492,334.99,Black & Decker MM875 12 Amp 19 in. 3-in-1 LAWNHOG Electric Lawn Mower,Not available,2
5788303,849.99,Campbell Hausfeld  3000 PSI Gas-Powered Pressure Washer PW3005,Not available,2
7695982,22.11,3M 09061 Scotchgard Marine Liquid Wax 500-Milileter,Available,2
7695983,31.08,3M 09062 Scotchgard Marine Liquid Wax 1-Liter,Available,2
7695987,20.33,3M Marine Restorer and Wax (16.9 fl-Ounce),Available,2
7695988,34.98,3M 09006 Marine Restorer and Wax (33.8-Ounce),Available,2
7695989,19.58,3M Marine Cleaner and Wax,Available,2
7695990,27.9,3M 09010 Marine Cleaner and Wax (32-Ounce),Available,2
7695991,16.92,3MCO WAX CLEAN & SHINE,Available,2
7695994,26.33,3M Marine Aluminum Restorer and Polish (18-Ounce Paste),Available,2
8728001,47.8,25' EXTENSION HOSE,Not available,2
10746778,199,Cobra CPI 2575 5000W 12V DC To 120V AC Power Inverter,Available,2
10982060,40.91,Karcher Four Piece Pressure Washer Extension Wand,Available,2
10984379,7.47,Karcher Pump Guard for Pressure Washers,Available,2
10993779,119,All Power 1800 PSI Pressure Washer,Not available,2
11020914,29.3,Cobra 400-Watt Power Inverter,Not available,2
11064932,230,Campbell Hausfeld Pressure Washer PW1810,Not available,2
11064933,579.99,Campbell Hausfeld PW2575 2500 PSI 2.4 GPM Gas Pressure Washer,Available,2
11902783,12.99,Bayou Classic High Pressure LPG Hose,Not available,2
11902785,14.76,Bayou Classic High Pressure LPG Hose,Not available,2
11902786,17.53,Bayou Classic High Pressure LPG Hose,Available,2
12449966,56.39,Rubbermaid Commercial Products 24'' Quick Connect Squeegee Frame,Available,2
13012555,6.3,Cog Brush,Available,2
13023890,15.84,3M Headlight Restoration Kit,Available,2
13399601,3.38,Citrus Magic 8 oz. Solid Air Freshener Pure Linen,Available,2
13432580,9.15,Master Manufacturing Leather & Vinyl Repair Kit-,Available,2
14053417,5.69,Sulfodene Brand Ear Cleaner for Dogs & Cats 4 oz,Available,2
14150533,8.4,As Seen on TV Windshield Wonder,Not available,2
14294920,18.47,Detailer Series Duster Combo,Not available,2
14294921,24.15,Detailer Series Deluxe Duster Combo,Not available,2
14294923,18.72,Auto and Home Drying Kit,Not available,2
14294925,14.99,The Original California Dry Blade Clear,Available,2
14294927,5.68,The Original California Microfiber Wheel Duster,Not available,2
14294928,19.98,The Original California Car Duster,Not available,2
14294929,10.49,The Original California Car Duster,Not available,2
14294930,6,The Original California Dash Duster,Available,2
14294931,7,The Original California Dash Duster,Available,2
14294933,13.83,The Original California Super Duster,Not available,2
14294934,20.53,The Original California Super Floor Duster,Not available,2
14472571,104.99,AR Blue Clean AR112 1600 PSI 1.58 GPM Electric Pressure Washer,Available,2
14472572,99.99,AR Blue Clean 1500 psi Cold Water Lightweight Electric Pressure Washer,Available,2
14472575,144.99,AR North America 1900 PSI 1.3 GPM 14 Amp Electric Pressure Washer w/ Hose Reel,Available,2
14504315,12.86,Camco 10' Standard Sewer Hose,Available,2
14504334,3.39,Camco RV Wash & Wax,Not available,2
14504335,3.39,Camco Black Streak Remover,Available,2
14504338,4.95,Camco Mildew Stain Remover,Available,2
14667936,273.8,Scraper Blade Rockwell Specialty Knives and Blades RW9113 822465003705,Available,2
14698289,8.88,SCRAPER-EXTENDED,Available,2
14698309,10.13,"Wilmar W743 4" Retractable Safety Scraper""ilmar W743 4" Retractable S""lmar W743 4" R""ma",Available,2
14698667,8.16,"Titan 11500 1-1/4" Stainless Steel Scraper""itan 11500 1-1/4" Stainl""tan 115",Available,2
14698668,25.51,"3"" Offset Stainless Steel Scraper"""" Offset Stainless Steel Scrape""" Offset Stainless Steel Scrape"" Offset Stainless Steel Scrape",Not available,2
14698669,8.83,"Titan Tools 11508-1 Stainless Steel Scraper 1-1/4"""",Available,2
14711574,101.84,Karcher K2.360 Pressure Washer,Not available,2
14711575,169,Karcher K3.690 Pressure Washer,Available,2
14711576,39.46,Karcher Pressure Washing Underbody Lance,Available,2
14711578,49.99,Karcher Pressure Washing T-200 Deck Cleaner,Available,2
14711579,19.73,Karcher Pressure Washing Wheel Rim Brush,Available,2
14711580,23.19,Karcher Electric Pressure Washer Dirtblaster Wand K2-K5 Series (Discontinued,Available,2
14872607,51.99,Original Protectant 28oz Spray Bottle 10228EA,Not available,2
14881968,3.27,"Sheffield Safety Scraper 2-4/5"W Blade""heffiel",Available,2
14915450,0,3M Antistatic Electronic Equipment Cleaner Oil/Wax-Free 10 oz. Aerosol,Available,2
14971768,10.18,Titan 11030 Multiple-Purpose Scraper,Available,2
14982833,13.03,Unger ErgoTec Short Handle Scraper,Available,2
14982838,24.49,Unger Light-Duty Scraper with 48'' Handle One 4'' Reversible Blade,Available,2
15028888,0,Renuzit Aroma Adjustables Airfreshner After The Rain 3 pk,Not available,2
15033115,3.92,DampRid FG69H Odor Genie Wild Berry 8-oz.,Available,2
15054346,319.99,Hyundai HWP552 Gas Water Pump,Not available,2
15065346,2.92,Hyde High-Carbon Steel 4-Edge Replacement Scraper Blade,Available,2
15085362,9.69,Hyde Stiff Bent Extention Pole Scraper,Available,2
15085370,6.5,Hyde Black & Silver Professional Putty Scraper,Available,2
15085373,8.12,Hyde Black & Silver 2-1/2 Professional Paint Scraper,Available,2
15085374,4.65,Hyde Black & Silver Professional Paint Scraper,Available,2
15107585,11.7,Titan 17005 Stainless Steel Prybar and Scraper Set - 2 Piece,Available,2
15111242,8.5,"Detailer's Choice 4B369 Flow-Thru Vehicle Wash Brush with 60" Telescoping Handle""etailer's Choice 4B",Available,2
15111243,21.53,"Detailer's Choice 4B360 Tri-Level Flow-Thru Wash Brush with 72" Telescoping Handle""etailer's Choice 4B",Available,2
15111244,7,Clean-Rite 3-512 Microfiber Cleaning Cloths 12pk,Available,2
15111245,4.65,Detailer's Choice 3-542 Shop Towels 25pk,Available,2
15125743,6.87,Handy EZ Windshield Wiper with Long Handle and Pivoting Head,Not available,2
15125758,5.47,Eagle One Nevr-Dull 5-oz.,Available,2
15127900,30.74,PISTON CYLINDER HONE,Available,2
15137627,17.99,Mothers Powerball,Available,2
15137628,18.44,Mothers Powerball Mini with Extension,Available,2
16386203,48.14,Meguiars G3200 Brilliant New Car Kit,Available,2
16386208,34.25,Meguiar's Brilliant Solutions Paint Restoration Kit,Not available,2
16767853,14.94,Turtle Wax Scratch Removal Kit,Available,2
16888946,14.99,Turtle Wax Black Box Kit,Available,2
16888970,2,Turtle Wax Protectant Wipes 20pk,Not available,2
16927980,7.99,Turtle Wax Headlight Lens Restorer Kit,Available,2
17481290,14.88,Surf City Garage The Works Detailing Essentials,Available,2
19514363,35.71,Eagle One Bucket Kit,Available,2
19802915,5.35,Invisible Glass Lens and Screen Wipes 40ct,Not available,2
19864192,15.4,Turtle Wax Complete Car Care Starter Kit,Not available,2
19864193,13.59,Ice Liquid Wax Kit with Microfiber Towel and Applicator,Available,2
19864238,8.87,WORX ALL-NATURAL HAND CLEANER 11-1650-12 All Natural Powdered Hand SoapBottle,Available,2
19897918,13.47,Armor All 4-Piece Complete Car Care Kit,Available,2
21022187,24.21,Oil Eater Cleaner/Degreaser (4 Gallon) 4-pack,Available,2
21175402,3.38,Armor All 10945 Ultra Shine Protectant Wipes,Available,2
21320545,3.99,MrGreen RVM RV and Marine Holding Tank Treatment 4 oz,Not available,2
21782795,4.99,303 230390 Windshield Washer Tablets 5 Tablets/Tube Card with Clip Strip,Not available,2
21784232,30.32,Oil Eater Cleaner/Degreaser (32 oz Spray Bottle) 12-pack,Available,2
22573835,64.88,Meguiar;s DA Power System Tool ; PowerPak Polish Wax and Compound Accessories Bundle,Not available,2
22573836,50,Meguiar;s DA Power System Tool ; Your Choice PowerPak Accessory,Available,2
24077118,13.74,Zwipes 12-Piece Deluxe Wash Wax and Dry Kit,Available,2
24628531,39.91,Meguiar;s DA Power System Tool + Optional PowerPak Special Offer,Available,2
25063398,3.7,Carrand's 3 Gallon Specialty Car Wash Bucket,Available,2
29077962,30,Meguiar's Fiberglass Oxidation Removal Kit,Available,2
29670206,69.99,Meguiar's Ultimate Results Car Care Bundle,Available,2
29670208,22.99,"Meguiar's "Detailer" Car Care Bundle""eguiar's "Detailer" Car C""guiar's "Detail""uiar's",Available,2
30340896,67.01,Meguiar's Microfiber Correction System Kit 5,Available,2
31023779,19.88,(2) Armor All Complete Car Care Kit Bundle - Give One Keep One and Save!,Available,2
35032079,225.32,Ddi As Seen on TV 5 Inch Nose & Ear Hair Trimmer,Available,2
37004289,1277.99,Powerboss 20454 3800 PSI 4.0 GPM Gas Pressure Washer with Honda GX390 Engine (Non-CARB),Available,2
37083232,657.99,Briggs & Stratton 20541 Elite 3100 PSI Gas Cold Water Pressure Washer,Available,2
37083235,160.95,Briggs and Stratton 1.3-GPM 1700-PSI Electric Pressure Washer with Universal Motor and On-Board Detergent Tanks,Not available,2
37467890,1899,***FAST TRACK*** Generac #6230 4000 PSI Gas Pressure Washer Industrial Grade(CARB Compliant),Not available,2
37468265,1049.15,***DISCONTINUED BY VENDOR 08 02*** Generac #6590 3100 PSI Gas Pressure Washer Commercial Grade (Non-CARB Compliant),Not available,2
37468476,399,Generac #6603 Residential 3100PSI One Wash Gas Pressure Washer,Available,2
37469357,332.17,***DISCONTINUED BY VENDOR 08 02*** Generac #6595 2500 PSI Gas Pressure Washer (Non-CARB Compliant),Available,2
37469463,374.95,Generac 6597 2800 PSI 2.5 GPM Residential Gas Pressure Washer - CARB,Not available,2
37469727,285.48,***DISCONTINUED BY VENDOR 08 02*** Generac 2800 PSI Gas Pressure Washer,Available,2
37469981,1584.98,Generac 6228 3000 PSI 3.0 GPM Gas Powered Cold Water Pressure Power Washer,Available,2
37470497,464.95,Generac 6599 3100 PSI 2.7 GPM Gas Powered Cold Water Pressure Power Washer - CA,Not available,2
37470538,835.56,***DISCONTINUED BY VENDOR 08 02*** Generac #6565 4200 PSI Gas Pressure Washer Commercial Grade (Non-CARB Compliant),Available,2
43246211,46,Plexus 7 Ounce,Available,2
45524146,17.99,Weather Tech 8AWCC1 Stainless Steel Hitch Pin,Available,2
45524149,24.99,Weather Tech 8AWCC3 Microfiber Finishing Cloth & Quick Detail White,Available,2
45524151,13.99,Weather Tech 8AWCC4 Microfiber Waffle Weave Drying Towel White,Available,2
45524152,36.95,Weather Tech 8ASP1 Starbelt Buckle Yellow,Available,2
45524154,24,Weather Tech 8LTC12K Wax-Prep Clay Gel Cleaner,Not available,2
45524155,24,Weather Tech 8LTC11K Interior Detailer,Not available,2
45524156,22.21,Weather Tech 8LTC1K 15Oz Bottle Heavy Duty Wheel Cleaner,Not available,2
45524162,25.49,Weather Tech 8LTC29K 15 Oz. Bottle Tire Gloss With Cross-Link Action 15 Oz Kit,Not available,2
45524164,22.34,Weather Tech 8LTC32K 15 Oz. Bottle Leather Conditioner With Aloe Vera 15Oz Kit,Not available,2
45524165,25.93,Weather Tech 8LTC3K Universal Replaces Part 8Ltc20K Techcare Protector & Cleaner Kit,Not available,2
45524169,37.9,WeatherTech 8LTC8K One 15-Ounce Bottle One 24-Ounce Bottle and a Sprayer Techcare FloorLiner and Floormat Protector,Not available,2
45612207,19.5,Weather Tech 8LTC9K One 15 Oz. Bottle One 24 Oz. Bottle And A Sprayer Techcare Floorliner & Floormat Protector,Not available,2
45626478,46.49,303 30320 Aerospace Protectant Gallon 128 fl oz,Available,2
45626481,6.88,303 30321 Aerospace Protectant Wipes 40 Towelettes,Available,2
45626483,27.26,303 30520 Convertible Top Care Kit Fabric,Not available,2
45626707,19.25,303 30510 Convertible Top Care Kit Vinyl,Available,2
46271650,19.99,Turtle Wax 5-Piece Complete Care Kit,Not available,2
46424563,23.57,Meguiar's 8-Piece Complete Auto Detail Bucket Kit,Not available,2
46543563,14.97,Armor All 6-Piece Holiday Gift Pack,Not available,2
46572248,9,Armor All 10-Piece Car Care Gift Pack Bundle,Not available,2
46698169,15.88,Invisible Glass Reach ; Clean Tool Gift Pack,Not available,2
47209598,22.87,303 Products Cleaning Kit Fabric,Available,2
47209600,21.96,303 Products Cleaning Kit Vinyl,Available,2
47470432,22.3,"Black & Decker 6" Random Orbit Waxer/Polisher W006b""lack & Decker 6" Random Orbit Waxe""ack & Decker 6" Ra""ck ",Available,2
48180779,65.39,Leather Honey Leather Cleaner Concentrate,Available,2
48507376,5.99,Discontinued,Available,2
49306301,49.89,Oil Eater All Purpose Aerosol (20 oz) 12-pack,Available,2
49623500,3.75,SQ Leather Conditioner,Available,2
50722960,25.61,Armor All 10-Piece Father's Day Gift Pack Bucket,Not available,2
51088229,10,Turtle Wax Car Care Kit,Available,2
51088231,6.97,Turtle Wax's Trim Restorer,Available,2
51428174,4.87,Powerfit Pump Protector,Available,2
51471864,25.51,Maxkin Microfiber Cleaning Cloths 30-Pack,Available,2
51471866,17.85,Maxkin Folding Buckets Twin Pack,Available,2
51471867,23.5,Maxkin 24-Piece Detailers Kit,Available,2
51471868,28.41,Maxkin 8-Piece Car Care Kit,Available,2
51554511,3.38,Armor All New Car Protectant Wipes 30-Count,Available,2
51575291,23.88,Meguiar's Complete Car Care Kit,Available,2
52373292,17.9,Pressure Washer QC Nozzles 4-Pack,Available,2
52373293,8.27,PowerFit Pressure Washer QC Conversion Kit,Available,2
52373294,18.8,"PowerFit Pressure Washer Spray Wand 21" QC""owe",Available,2
52373295,3.2,Pressure Washer QC Nozzle 25-Degree,Available,2
52373296,3.2,QC Nozzle 15-Degree,Available,2
52373297,8.54,Pressure Washer QC Hose Adapter Kit,Available,2
52373298,3.2,Pressure Washer QC Nozzle 40-Degree,Available,2
52373299,19.97,25' Pressure Washer Repl Hose,Available,2
52373300,24.83,PowerFit Pressure Washer Trigger Gun,Available,2
52373301,159,PowerStroke 1700-PSI Electric Pressure Washer,Available,2
52373303,5.94,PowerFit QC Nozzle,Available,2
52614780,3.97,Turtle Wax Super Protectant 16 Ounces,Available,2
52729698,17.37,Liquid Shocker CLO2 Odor Eliminator,Not available,2
52729699,23.12,Auto Shocker CLO2 Odor Eliminator,Not available,2
53426301,221,Neo As Seen on TV NEO Super Magnetic Mesh Butterfly Design,Not available,2
53426484,221,Neo As Seen on TV NEO Super Safety Sleeve/ Blocks RFID Scanners,Not available,2
53461043,8.99,Pair of 2 Best Quality Silicone Baking Mat For Oven,Available,2
53467527,7.41,Imperial Home Flashing Emergency Triangle LED Warning Lights,Available,2
53467767,739.4,Ddi As Seen on TV Tummy Belt,Available,2
54163181,40.7,Ddi As Seen On TV 2 Piece Deluxe Chef Basket And Knife,Not available,2
54264439,19.88,Armor All Car Care Gift Pack 10-Piece Bucket,Available,2
54288412,19.88,Meguiar's Show and Shine Car Care Kit,Available,2
54308381,10.71,Armor All Bonus Wipes Variety 4-Pack,Available,2
54429723,105,Ddi As Seen on TV Facial Epicare Epistick Hair Remover Stick,Available,2
54430199,217.4,None As Seen on TV Arm Rest Organizer,Available,2
54430300,6.99,Neo As Seen on TV Rug-Grip Pro / Reusable Rug Grippers,Available,2
54434902,7.99,Neo As Seen on TV Space Saving Multi Hanger 3 Pack,Available,2
54435216,25,Ddi As Seen On TV 3 Pack Snap-On Feathers Extensions,Available,2
54436451,86,Ddi Leonardo Teenage Ninja Mutant Turtles Stretchkins,Available,2
54436530,86,Ddi Raphael Teenage Ninja Mutant Turtles Stretchkins,Available,2
54436534,86,Ddi Donatello Teenage Mutant Ninja Turtles Stretchkins,Available,2
54437612,10.44,POP-UP,Available,2
54437727,293,None As Seen on TV Headlamps 3 Pack,Available,2
54437843,264.2,None As Seen on TV Aluminium Wallets,Available,2
54439104,6.99,12 Pcs Wood Stain Furniture Color Repair Marker Set with Filler Sticks,Available,2
54439567,137,Regular Design Super Strong Mesh Magnetic Insect & Fly Screens Door,Available,2
54440034,110.36,GARCR As Seen on TV Extendable Instant Fence,Available,2
54440047,113,HGM As Seen on TV S/3 Pop-Up Food Covers,Available,2
54440051,285.8,HGM As Seen on TV Pancake Batter Dispenser,Available,2
54440062,161.48,NAH As Seen on TV Walker Tray,Available,2
54440067,141.8,NAH As Seen on TV Arched Back Stretcher,Available,2
54440205,91.4,HGM As Seen on TV 2 Tier Microwave Steamer,Available,2
54440221,132.68,HGM As Seen on TV Collap. Micro. Splatter Shield,Available,2
54440225,515.72,NAH As Seen on TV Cpap Chin Strap,Available,2
54440238,113,Sre As Seen on TV S/2 Outlet Multiplier,Available,2
54440262,96.68,HGM As Seen on TV Red Micromaster Pressure Cooker,Available,2
54440275,231.56,GARCR As Seen on TV Outdoor Solar Led Light,Available,2
54440292,129.2,NAH As Seen on TV Revolving Medicine Center,Available,2
54440303,260.36,As Seen on TV S/3 Qwik Fix Zipper,Available,2
54440324,127.88,NAH As Seen on TV Migraine Relief Wrap,Available,2
54440345,96.68,HGM As Seen On TV Micromaster Pressure Cooker As Seen On TV,Available,2
54440385,124.04,GARCR As Seen on TV Electronic Bug Zapper Racket,Available,2
54440396,1243.4,NAH As Seen on TV Lighted Ear Wax Remover,Available,2
54440415,219.08,NAH As Seen on TV Hot Water Bottle System,Available,2
54440434,383.24,Sre As Seen on TV Ceiling/Wall Light W/ Remote,Available,2
54440440,134.6,NAH As Seen on TV Cpap Hose Holder,Available,2
54440449,118.28,HGM As Seen on TV Cool Touch Microwave Bowl,Available,2
54442483,173,Telebrands As Seen On TV Automotive As Seen On TV Automotive - Windshield Wonder,Available,2
54444710,40.04,Bulk Buys Hair Volumizing Insert,Available,2
54596023,53.99,303 (30208) Multi-Surface Cleaner 128 oz,Available,2
54596026,117.99,303 (30674) Marine Fabric Guard 128 oz,Available,2
54945170,175.42,Repl Solenoid Valve,Available,2
54945171,9.99,MaxWorks 3-Piece Hard Brush Set for 70470 Portable Cordless Multi Function Scrubber/Cleaning Kit,Available,2
54945172,8.49,MaxWorks 3-Piece Replacement Crevice Brush Set for 70470 Portable Cordless Scrubber/Cleaning Kit,Available,2
54945173,8.49,MaxWorks 3-Piece Fine Brush Set for 70470 Portable Cordless Multi Function Scrubber/Cleaning Kit,Available,2
54945174,81.83,NANOSKIN AUTOSCRUB Wash Mitt PRO Starter Kit - Fine Grade,Available,2
54945175,9.99,MaxWorks 2-Piece Hard Metal Brush Set for 70470 Portable Cordless Multi Function Scrubber/Cleaning Kit,Available,2
54945176,89.99,NANOSKIN AUTOSCRUB Towel PRO Starter Kit - Fine Grade,Not available,2
54945177,14.97,Armor All 6-Pack Holiday Gift Pack,Available,2
54945178,80.99,NANOSKIN AUTOSCRUB Wash Mitt PRO Starter Kit - Medium Grade,Available,2
870826,10.97,Scosche 88-97 FORD Car Stereo Connector,Available,2
870830,9.97,Scosche '73-'91 GM In-Dash Car Stereo Connector GM01,Available,2
870833,9.97,Scosche 4-Speaker Power/Connector for 1987 and Newer Toyota Models,Available,2
870835,4.95,Scosche DT1 - DIN Radio Removal Tool,Available,2
880487,6.98,Scosche 74-07 CHRYSLER Car Stereo Connector Amp Kit,Available,2
896348,6.98,Scosche IM01A - '89-UP IMPORT/JEEP/MITSUBISHI Car Stereo Connector,Available,2
896355,13.91,Scosche ES034 - GROUND LOOP ISOLATOR,Available,2
896357,14.71,Scosche Automotive Wire Harness -1988-up GM Micro/Delco Antenna Adapter,Available,2
931908,26.31,GARMIN CABLE PC INTERFACE RS232 SERIAL 010-10206-00,Not available,2
931909,45.54,Garmin CABLE  PC CONNECTION INTERFACE,Not available,2
931911,28.99,Garmin GPS 12 Cigarette Lighter Adapter,Not available,2
931912,17.36,Garmin 12-Volt Cigarette Lighter Adapter - GPSMAP 60CSx and GPSMAP 76CSx,Available,2
931913,38.13,Garmin 12-Volt Adapter Cable - eMap eTrex eTrex Summit,Not available,2
1233539,89.9,Cobra Compact/Remote Mount Handset CB Radio,Available,2
1233548,60,Cobra 18 WX ST II 40-Channel CB Radio with 10 NOAA Weather Channels,Available,2
1863065,14.95,Scosche FAI3A Ford/JBL and GM/Bose Speaker Level Converter,Not available,2
1863068,9.97,Scosche 1276A General Motors Car Stereo Connector and Antenna Adapter GMDA,Available,2
1863069,9.95,Scosche NN032 - 82-UP Nissan Car Stereo Connector,Available,2
1863071,9.97,Scosche HA028 - 86-07 ACURA/HONDA Car Stereo Connector,Available,2
1943063,69,Cobra HH Road Trip 40-Channel Compact Handheld CB Radio,Available,2
1943064,96.95,Cobra 25NW Classic CB Radio with NightWatch Illuminated Front Panel,Not available,2
1956733,189.98,GARMIN Rino Series 120 GPS with 2-Way Radio 010-00270-02,Not available,2
2045622,22.98,Atlantic  Surround Sound Speaker Tilt And Swivel Bracket Mounts,Not available,2
2128760,450.99,Panasonic 4-Head Hi-Fi VCR PV-V4523S,Available,2
2470843,24.76,Belkin F5C400-140W AC Anywhere 140W Power Inverter,Available,2
2553355,17.99,DRY PAK PDA GPS POCKET PC  CASE 5 X 8,Available,2
2606831,11.97,Scosche PDM482 Maxi 2-Way Power Distribution Block,Available,2
2606832,10.98,Scosche PMFHIK In-Line Fuse Block With 40- and 80-Amp Maxi-Fuse,Available,2
2606833,9.78,Scosche Car Stereo Installation Kit for GM Vehicles 1992 and Newer,Available,2
2606837,35.37,Midland 1001Z 40-Channel Mobile CB Radio with PA,Available,2
2630319,48.99,Audiovox FMM100A FM Modulator with Isolation Transformer,Not available,2
2630332,32.66,Barjan TERK 15' XM CERTIFIED EXTENSION CABLE KIT WITH AMPLIFIER IS COMPATIBLE WITH MOST XM ANTENNA MODELS 30347,Not available,2
3212564,183,Navman Bluetooth Wireless GPS Receiver GPS4460,Available,2
3371479,6.98,Scosche UBT1 Car Battery Terminal Kit,Not available,2
3371480,7.8,Scosche UAA Car Stereo Satellite Radio/CD Changer Antenna Adapter Kit,Not available,2
3380854,135.69,Audiovox Electronics Corp.  H-200 5. 25   2-Way Bookshelf,Not available,2
3592019,106.1,Nexiq Technologies 405001 Bluetooth Usb Dongle,Available,2
3620419,5.05,3 Speaker High,Available,2
3910265,0,Tripp-Lite DC To AC Power Inverter - 150-Watts Continuous Single Outlet,Available,2
3910267,0,Tripp-lite 375-Watt PowerVerter Inverter,Available,2
3922099,39.35,Uniden PRO510XL 40-Channel Compact CB Radio,Available,2
4172357,22.87,Garmin Deluxe GPS Carrying Case,Available,2
4213069,9.97,Scosche Car Stereo Wiring Connector 94-06 GM,Available,2
4213095,4.41,Scosche PMXK4 High Power Maxi Fuses,Available,2
4213097,5.77,Scosche STK1 Car Speaker Terminal Kit,Available,2
4253093,73.7,Magellan Meridian Marine GPS,Not available,2
4253095,299,TomTom Navigator 5 - Bluetooth Wireless GPS Receiver,Available,2
4307170,999.99,Garmin StreetPilot 7200 XM Ready GPS Navigator,Not available,2
4407766,218.95,Garmin Edge 205 Personal Trainer 010-00447-10,Not available,2
4642484,28.98,Cobra 19 Ultra III Citizen Band Radio,Available,2
4694327,59.93,Scosche KPCA4 1600W 4-Gauge Car Amplifier Install Kit with 0.05F Stiffening Cap,Available,2
4756625,14,Auto Antenna for XM,Not available,2
4756626,14.95,Home Antenna for XM,Available,2
4836813,29.95,Audiovox XM Mini Roof Mount Antenna,Available,2
4891078,18.7,Whistler PI-100W 100W Power Inverter,Not available,2
4891520,64.99,iPod Interface Adapter,Not available,2
4956678,26.92,VR3 MP3/WMA FM Modulator w/USB Port and Audio VRFM8R,Not available,2
5162346,24.5,VR3 110W Power Inverter & FM Transmitter VRTP4N1,Not available,2
5533607,31.96,XM Home Kit for Xpress,Not available,2
5691045,58.36,Scosche GM2000 Class II Car Stereo Replacement Interface Module and Harness,Not available,2
5691046,14.99,Scosche 12 Volt Tool Kit,Available,2
5700316,14.91,Sakar 2-IN-1 Wall/Car Charger SYNC Cable,Available,2
5799533,229.93,"Infinity Kappa PERFECT 6.1 400 W Max Each 6.2" 2-Way Car Stereo Component System""nfinity Kappa PERFECT 6.1 400 W Ma",Available,2
5823412,84.95,XM Connect and Play Mini-Tuner CPC-9000,Available,2
5871514,15.36,Pioneer CD-R55 Remote Control,Not available,2
5913444,24,DuPont 1000W ZR1000.2 2-Channel High-Power MOSFET Amplifier,Not available,2
5913672,36.2,Microsoft Streets & Trips 2008 with GPS Locator,Available,2
6015169,54.95,Refurbished Magellan Maestro 3100 Maestro 3100 GPS Vehicle Navigation System,Available,2
6022411,102.93,Garmin Topo US 100K - DVD/CD Part No. Topo-CD (Product Group: Tracking Equipment / Accessories),Not available,2
6435006,5.99,VR3 VRBT100P Handsfree Bluetooth with Auto Speaker-Phone (Black),Available,2
6487955,89.95,Magellan Triton 400 Triton 400,Not available,2
7386379,33.93,PRO GUIDE 50LB DIGITAL SCALE,Available,2
7386393,24.99,"SOFT GRIP KNIFE 9" W/SHARPENER""OFT GRIP KNI",Available,2
7731281,51.85,Audiovox Sirius Connect Tuner Universal Vehicle Tuner,Not available,2
7980961,187.29,Gps: Software Library,Available,2
7983242,118.96,Polar G3 GPS Sensor Set  2.4GHz - 91031768,Available,2
8144080,12.41,BRACKETRON SUCTIONMT,Not available,2
8144086,13.62,BRACKETRON NAV-MAT - PORTABLE GPS HOLDER,Available,2
8144087,6.99,Universal Dash Mount for Cell Phones Satellite Radio MP3 Player,Available,2
8154370,24.36,Garmin GPS Friction Mount for Nuvi and StreetPilot Receivers 010-10908-00,Available,2
8154376,66.95,Garmin GA 27C Low Pro Antenna And Suction Mount (010-10052-05),Not available,2
8154379,13.95,GARMIN 12V ADAPTER CABLE C530 C550 NUVI 660,Available,2
8154382,7.94,GARMIN VEHICLE SUCTION MOUNT FOR C550 & C530 & NUVI 1690,Available,2
8154383,19,Garmin Dash Mount,Available,2
8154396,130.95,Garmin Speed/Cadence Bike Sensor Speed/Cadence Sensor For Edge Series,Not available,2
8154405,20.15,MOUNT CAR GPS76 GPSMAP76 AND,Available,2
8251801,149,Detector for Laser  Ka  K  X & Safety Warning Systemr (SWST),Not available,2
8251802,268,Beltronics Vector 995 Radar Detector,Available,2
8251804,171,Beltronics Vector V955 Radar Laser Detector w/ 280-LED display VG-2 immunity SWS,Not available,2
8399430,16.18,Garmin Portable Navigator Case,Available,2
8811772,24.1,Garmin AC Charger (Replacement),Available,2
9189611,32.24,Dual Electronics LU43PB Indoor/Outdoor Speaker,Available,2
9189629,8.76,Maxell 190038 CD to Cassette Adapter,Available,2
9224432,16.03,XO Vision XO220 220W CONVERTER. POWER INVERTER,Not available,2
9713661,39.09,Whistler XTR-140 Radar/Laser Detector - X-band K-band Ka Band Ka Superwide Laser - VG-2 Alert VG-2 Immunity - City Highway - 360; Detection,Available,2
9713693,529,Duracell - PowerSource 1800,Available,2
9721020,19,Belkin Tunecast Auto Universal FM Transmitter for MP3 Players,Not available,2
9729856,12.96,Bravo View INV-150 - 150-Watt Peak Power Inverter,Available,2
9893718,37.97,Pyle 8'' In-Wall Subwoofer (Each),Available,2
9894193,64.99,Garmin GPS 18x USB Receiver,Available,2
9894194,65.58,GPS 18x LVC 5m Sensor,Available,2
9894195,157.54,Garmin GPS 18x-5Hz,Available,2
9894198,46.62,Garmin 010-10759-00 City Navigator Brazil Navigational Software New,Not available,2
9894199,74.15,Garmin GPS 18x PC,Available,2
9917114,17.93,6.5-in Full Range In-Ceiling Flush Mount Enclosure Speaker System,Available,2
9917115,49.89,"Pyle 6.5" 2-Way 200-Watt In-Wall Speaker Pair""yle 6.5" 2-Way 200-Watt In-Wall Spea""le 6.5" 2-Way 200-Watt In-Wa""e 6.5" 2-Way 200-Watt"" 6.5" 2-Way 200""6.5" 2-Way"".5" 2-""5" """""",Available,2
10088153,9.95,IPOD SHOWTIME A/V CABLE,Not available,2
10236451,99.95,The Multisensory Driver: Implications for Ergonomic Car Interface Design,Not available,2
10242694,8.96,Energizer Rechargeable D 2 Pack,Available,2
10298569,15.4,"Pyle 6.5" In-Ceiling 2-Way Speaker w/ 1.2" Tweeter (Each)""yle 6.5" In-Ceiling 2-Way Speaker w/ 1.2" Tweete""le 6.5" In-Ceiling 2-Way Speaker w/ 1.2"""e 6.5" In-Ceiling 2-Way Speaker w"" 6.5" In-Ceiling 2-Way Spea""6.5" In-Ceiling 2-Way "".5" In-Ceiling 2-W""5" In-Ceiling 2""" In-Ceiling "" In-Ceiling ",Available,2
10298572,136.98,OMNI 8IN ROCK SPEAKERS 200W WEATHERPROOF CANYON,Not available,2
10304460,5,XO Vision KCA-IP101 Apple iPhone/iPod High-Speed USB Direct Cable 4.9',Available,2
10304462,8,XO Vision KCA-IP100 30-Pin Apple iPod/iPhone 1-Wire Cable for Kenwood Receivers 4.9',Available,2
10326439,17.96,Case Logic 4.3; Flat Screen GPS Case,Not available,2
10543584,512.99,Garmin nuvi 265/265T 3.5-Inch Bluetooth Portable GPS Navigator with Traffic,Not available,2
10574632,12.9,XO Vision IR620 IR wireless headphones for in-car Video listening,Available,2
10574633,109,"XO Vision GX-2148 9" Overhead Monitor with Built-in DVD Player USB and SD Card Inputs and FM Transmitter""O Vision GX-2148 9" Overhead Monitor with Built-in DVD Player USB and SD Card Inputs"" Vision GX-2148 9" Overhead Monitor with Built-in DVD Player USB ""Vision GX-2148 9" Overhead Monitor with Built-i""ision GX-2148 9" Overhead Moni""sion GX-2148 9",Not available,2
10575432,41.04,STP-150 Titanium Plus 150 Watt Power Inverter,Not available,2
10603633,133.55,Cobra Classic AM/SSB CB Radio With Dynamike Gain Control,Not available,2
10603634,39.5,Cobra 19 DX IV CB Radio with RealTree Camo,Available,2
10603635,79.98,Cobra 25 LTD 40-Channel Classic CB Radio with Dynamike Gain Control,Available,2
10603636,198.05,Cobra Mobile CB Radio With NightWatch Illuminated Display And SWR Antenna Calibration,Not available,2
10603637,68.95,Cobra Handheld CB Radio w/ 10 Weather Channels,Available,2
10603642,66.51,Midland 40-Channel CB Radio With Digital Tuner,Available,2
10603644,74.1,Midland Miniature Handheld CB/Weather Radio,Available,2
10603647,69.69,Uniden BC340CRS 100-Channel CRS Clock Radio Base Scanner,Not available,2
10603651,195.63,UNIDEN BCT15X 9000 CHANNEL GPS ENABLED PREPROGRAMMED SCANNER WITH TRUNK TRACKER III,Not available,2
10603654,129.99,Uniden PC78ElITE Bearcat Pro Series 40-Channel CB Radio with Delta Tune,Not available,2
10603655,91.46,UNIDEN PC78XL CB Radio Silver,Available,2
10603656,42,Uniden PRO520Xl 7W 40-Channel Compact CB Radio,Available,2
10629475,24.54,Scosche KPA6 1200W 6-Gauge Car Amplifier Install Kit,Available,2
10710684,17.28,"Garmin Leather Carrying Case  3.5"""",Available,2
10719864,108.55,AmpliVox Beltblaster Personal Waistband Amplifier,Not available,2
10737168,41.18,"Pyle 10" In-Wall High Power Subwoofer (Each)""yle 10" In-Wall High Power Subwoofer""le 10" In-Wall High Power Sub""e 10" In-Wall High Powe"" 10" In-Wall High ""10" In-Wall Hi""0" In-Wall """ In-Wall"" In-Wall",Available,2
10737170,67.3,"Pyle 12" 400-Watt In-Wall High Power Subwoofer With Dual Voice Coil (Each)""yle 12" 400-Watt In-Wall High Power Subwoofer With Dual Voice Coil""le 12" 400-Watt In-Wall High Power Subwoofer With Dual Voic""e 12" 400-Watt In-Wall High Power Subwoofer With Dual"" 12" 400-Watt In-Wall High Power Subwoofer With ""12" 400-Watt In-Wall High Power Subwoofer Wi""2" 400-Watt In-Wall High Power Subwoofer """ 400-Watt In-Wall High Power Subwoofer"" 400-Watt In-Wall High Power Subwoofer",Not available,2
10737584,15.36,Chamberlain CLULP1 Laser Parking Device,Not available,2
10737595,33.21,Whistler XTR-130 Radar/Laser Detector with Super-Bright Icon Display,Available,2
10741273,11.98,Mobile Grip-It Rotating Vent Mount,Available,2
10741278,14.95,ARKON GN047 Removable Vent Mount,Available,2
10746773,91.15,Cobra CPI 1000 2000W 12V DC To 120V AC Power Inverter,Available,2
10746774,26.05,Cobra CPI 130 150W 12V DC To 120V AC Power Inverter,Available,2
10746775,32.76,Cobra CPI 150 BK 150-Watt 12-Volt DC to 115-Volt AC Power Inverter,Available,2
10746776,113.27,Cobra CPI 1575 1500W 12V DC To 120V AC Power Inverter,Available,2
10746777,36.6,Cobra CPI 200 CH 200 Watt 12 Volt DC to 120 Volt AC Power Inverter Multi-Colored,Not available,2
10746819,19.95,XM Xpress Pro XM Receiver,Available,2
10752368,12.97,Scosche NN1643B 2008-Up Nissan Titan Non Nav W Rotary AC Controls Kit*,Not available,2
10752372,5.28,Scosche BW01B - 1990-up select BMW Import Speaker connector,Available,2
10752373,9.31,Scosche BW2320B- 1999-Up Bmw 3-Series Trim Ring Panel Kit,Available,2
10752374,10.99,Scosche CJ1278B- 1974-99 Chrysler Multi Kit With 1 CD Storage Pocket,Available,2
10752375,4.46,Scosche CJ1282B - 74-UP CHY JEEP DIN MOUNTING KIT PANEL,Available,2
10752376,4.45,Scosche CR01B - 84+ CHY PWR/SPK->CAR HRN,Available,2
10752377,4.95,Scosche CR02B - 2002-up Select Chrysler/Jeep Vehicles Speaker connector,Available,2
10752379,6.96,Scosche CR1277B - 1999-up Jeep Grand Cherokee/1998-up Dodge Intrepid/Chrysler Concorde Kit,Available,2
10752380,8.98,Scosche CR1286B- 2004 Dodge Durango Installation Kit,Available,2
10752381,6.37,Scosche CRAB - 2002- Up Chrysler/Jeep Antenna Adapter,Available,2
10752382,7.1,Scosche CRARB - 2002-Up Chyrsler/Jeep Antenna Adapter ( Reverse ),Available,2
10752383,18,Scosche DCAXALPAI - Alpine AI-Net Aux Changer Input Cable,Not available,2
10752384,12.49,Scosche DCAXKEN13 - Kenwood Aux Changer Input Cable,Not available,2
10752388,4.94,Scosche DO01B- 1999-Up Daewoo Power 4-Speaker Connector,Available,2
10752389,12.98,Scosche ES004 - FILTER 10 AMP 100 WATT,Available,2
10752390,8.85,Scosche FCJ1276AB - 1974-up Ford Chrysler Jeep Multi-Purpose Kit  incl. 1999-Up Grand Cherokee/Intrepid ( CR1277 ),Available,2
10752391,3.99,Scosche FD02B - 1985-2003 Ford Power/4 Speaker connector,Available,2
10752392,9.95,Scosche FD1300B - 1995-up Ford Pocket Kit - fits latest oversize Ford radios,Available,2
10752393,9.92,Scosche FD1325B - 1997-up Ford Truck/SUV Kit with storage Pocket,Available,2
10752394,12.53,Scosche FD1327B - 1995-Up Ford Truck/SUV Kit With 1.5 CD Storage Pocket,Available,2
10752395,6.5,Scosche FD1330B - 1995-up Ford Double DIN Kit,Available,2
10752396,54.99,Scosche FD134030B - 1996-up Ford Taurus/Sable ICP Kit DIN/ISO w/complete Harness set,Available,2
10752397,57.45,Scosche FD1380B- 2000-Up Ford Taurus Icp Kit With 1 CD Storage Pocket,Available,2
10752513,13.88,Scosche FD1423B - 1999- up select Ford Pocket Installation Kit,Available,2
10752514,12.38,Scosche FD1424B - 2004-up Select Ford F-150 Pocket Installation Kit,Available,2
10752515,11.88,Scosche FD1426B - 2004 - up Ford Double ISO DIN Kit,Available,2
10752516,9.14,Scosche FD1428B - 2001- 2005 select Ford Lincoln Mercury Double ISO DIN Kit,Available,2
10752517,4.45,Scosche FD16B- 1998-Up Ford Power 4-Speaker Connector,Available,2
10752518,4.28,Scosche FD23B- 2004-Up Select Ford Harness,Available,2
10752519,7.44,Scosche FDK10B- 1988-97 Select Ford/Lincoln/Mercury/Mazda Premium Sound Connector,Available,2
10752520,7.51,Scosche FDK11B- 2003-Up Select Ford Harness For Audiophile Sound Systems,Available,2
10752521,7.51,Scosche FDK4B Ford JBL/Premium Sound Upgrade (Common Ground),Available,2
10752522,7.76,Scosche FDK9B- 1998 Ford Premium Head Unit Replacement Kit,Available,2
10752523,8.59,Scosche FJ1550B - 1975-96 Ford/Mercury/Jeep Multi-Purpose Kit,Available,2
10752524,8.99,Scosche FMC1370B - 1998-up Mercury Cougar Kit with storage Pocket for disc's,Available,2
10752525,3.81,"Scosche GM02B- 1986-Up GM "Mini" Connector Set""cosche GM02B- 1986-",Available,2
10752526,4.95,Scosche GM03B- 1992-Up GM 32-Pin Connector,Available,2
10756033,5.42,Scosche GM05B- 1998-Up Chevrolet Metro/Tracker/Prizm/Venture Speaker Connector,Available,2
10756034,7.13,Scosche GM07B- 2000-Up Ribbon Style Harness,Available,2
10756035,49.98,Scosche GM09SR - 2000-Up GM Radio replacement interface with door chime feature,Available,2
10756036,17.99,Scosche GM1482DBB - 1988-94 General Motors Full Size Truck Kit; Full Panel. Color: Dark Blue,Available,2
10756037,13.52,Scosche GM1482GRB - 1988-94 General Motors Full Size Truck Kit; Full Panel. Color: Garnet Red,Available,2
10756038,10.54,Scosche GM1482MGB - 1988-94 General Motors Full Size Truck Kit; Full Panel. Color: Med. Grey,Available,2
10756039,9.62,Scosche GM1483B - 95+ GM FULL SIZE TRUCK MOUNTING KIT,Available,2
10756040,15.99,Scosche GM1500B - 1982-up General Motors Multi Kit; DIN/ISO 5/8'' extension included w/Universal Brackets Patented,Available,2
10756041,10.95,"Scosche GM1508B - 1982-up General Motors Expediter Kit for use with Factory Brackets; 5/8" extension included""cosche GM1508B - 19",Available,2
10756042,5.95,Scosche GM1509B - 1982-up General Motors Expediter Kit,Available,2
10756043,6.95,Scosche Dash Kit for 1989-1994 GM Optional Storage Pocket,Available,2
10756045,6.73,Scosche GM1584B - 1996-1999 Cadillac Deville Installation Kit,Available,2
10756046,6.42,Scosche GM1589B - 1992-UP Select Pontiac Multi Kit,Available,2
10756047,16.95,Scosche GM1590AB - 1992-up General Motors Double DIN Kit with trim ring / ISO,Not available,2
10756049,5.95,Scosche HA02B- 1986-1999 Honda Power 4-Speaker Connector,Available,2
10756050,6.02,Scosche HA08B- 1998-Up Honda Power/Speaker Connector,Available,2
10756051,4.17,Scosche HA10B- 2006 Honda Civic Harness,Available,2
10756052,12.55,Scosche HA1563B - 1986-up Honda/Acura Kit with molded Pocket and rear support,Available,2
10756053,11.91,Scosche HA1566B - 1990-Up Honda/Acura Double ISO Kit 2 single DINSor 1 double DIN,Available,2
10756054,11.42,Scosche HA1567B - 2001-2005 Honda Civic In-Dash Install Kit,Available,2
10756055,9.95,SCOSCHE HAAB Honda(R) Antenna Adapter,Not available,2
10756056,4.95,Scosche HY03B- 2000-Up Hyundai Sonata/Accent Speaker Connector,Available,2
10756057,4.95,Scosche HY07B- 2006-Up Hyundai Accent And Azera 2005-Up Kia Sportage Harness,Available,2
10756058,13.9,Scosche HY1614B - 2007 Hyundai Elantra ISO DIN Kit w/ Pocket,Available,2
10756059,8.68,Scosche HY1620B - 06-UP HYN AZ DBLDN KIT,Available,2
10756062,13.98,Scosche 6 Foot 3.5mm Plug To RCA/Video Cable,Available,2
10756069,9.99,Scosche Dual 12V Power Socket,Not available,2
10756072,4.99,Scosche MA02B- 1988-2003 Mazda Speaker Connector,Available,2
10756073,6.45,Scosche MA03B- 1998-Up Select Mazda Vehicles Speaker Connector,Available,2
10756074,13.32,Scosche MA1537B - 1995-03 Mazda 626. Prot??g?? Millenia with 2 CD Pocket,Available,2
10756075,2.99,Scosche MDA1B - ANTENNA ADP MICRO/DELCO black,Available,2
10756076,3.77,Scosche MDAB - ANTENNA ADP GM MICRO TIP,Available,2
10756077,4.48,Scosche MDARB - ANT ADP MICRO/DELCO REV,Available,2
10756078,9.18,Scosche MI02B- 1991-Up Mitsubishi/Dodge Speaker Connector,Available,2
10756081,5.95,Scosche NDAB - Nissan Diversity Antenna Adapter,Available,2
10756082,5.99,Scosche NN02B- 1974-1996 Nissan Power 4-Speaker Connector,Available,2
10756083,7.84,Scosche NN03B- 1995-Up Nissan Car Stereo Connector,Available,2
10756084,10.11,Scosche NN1491B - 2005-up Nissan Frontier Pathfinder & Xterra Pocket Installation Kit,Available,2
10756085,14.95,Scosche Dash Kit For 2000-03 Nissan Maxima Iso Double Din Or Din W/Pocket Install Dash Kit,Available,2
10756086,14.58,Scosche NN1495MTB - 2000-Up Nissan Sentra DIN ISO Kit Metallic,Available,2
10756088,8.44,Scosche NN2155B- 1990-Up Nissan Replacement Pocket,Available,2
10756089,12.99,Scosche PCA1 deckedOUT Cassette Adapter,Not available,2
10756155,11.44,Scosche LOC80 - LINEOUT CONVRTR ADJ 80W,Available,2
10756157,8.98,Scosche SA68 - Convertible 6 x 8'' Speaker adapter (pair),Available,2
10756158,12.26,Scosche SA69 - Convertible 6 x 9'' Speaker adapter (pair),Available,2
10756159,9.92,"Scosche SAC656 - 1995-up Neon Jeep Speaker Adapter - 5.25/6.5" ABS (pair)""cosche SAC6",Available,2
10756160,10.99,Scosche SAGMHR634B - 2006-up Chevrolet HHR / Impala Speaker Adapter for 6 1/2 or 6 3/4,Available,2
10756161,14.95,Scosche SASCN656- 2004 Scion Xb Rear Speaker Adapter,Available,2
10756162,11.42,Scosche SAT6 - 2000-Up Toyota Echo / Avalon Speaker Adapter,Available,2
10756163,12.95,Scosche SAU56 - Convertible 5.25/6.5'' Universal Speaker Adapter (pair),Available,2
10756164,10.99,Scosche SN1527B - 2000-Up Saturn Kit,Available,2
10756165,8.3,"Scosche SS65- 1" Universal 5.25" Or 6.5" Speaker Spacer""cosche SS65- 1" Universal 5.25" Or 6.5"""osche SS65- 1" Universal""sche SS65-",Available,2
10756166,10.99,"Scosche SS69- 1" Universal 6" x 9"  Speaker Spacer""cosche SS69- 1" Universal 6" x 9" ""osche SS69- 1" Univ""sche ",Available,2
10756167,5.76,Scosche SU03B- 1993-Up Select Subaru Power 4-Speaker Connector,Available,2
10756168,10.11,Scosche TA02B- 1987-Up Toyota Power 4-Speaker Connector,Available,2
10756169,89,Scosche TA07SR - Select 2004-up Toyota Stereo Replacement for JBL Equipped Vehicles,Not available,2
10756170,16.78,Scosche TA1457B - 1981-up Toyota ISO Multi-Purpose Kit,Not available,2
10756171,7.49,Scosche TA1465B- 2000-Up Toyota Double DIN Trim Ring,Not available,2
10756172,12,Scosche TA2045B - 2000-Up Toyota Echo / Celica Kit With 2 CD Storage Pocket,Available,2
10756173,27.36,Scosche TA2052B - 2005-upToyota Tacoma SINGLE DIN with Pocket Kit color matched Silver,Available,2
10756174,12.03,Scosche TA2154B- 1978-Up Toyota Replacement Pocket,Available,2
10756175,6.98,Scosche TN2150B - 1974-up Select Toyota/Nissan/Infinity/Lexus/Geo radio Replacement Pocket Kit,Available,2
10756176,12.52,Scosche UDEB - Universal UnderDash Enclosure,Available,2
10756177,5.57,Scosche VW01B- 1986-2004 Volkswagen Power/Speaker Connector,Available,2
10756178,4.77,Scosche VW03B- 2002-Up Volkswagen Power/Speaker Connector,Available,2
10756180,5.95,Scosche Vwa-2B Volkswagen Amplified Antenna Adapter,Not available,2
10756182,5.88,Scosche VWAB European Vehicle and Volkswagen VW Antenna Adapter,Available,2
10765461,56.33,"Kenwood 4X10" 2-Way Speaker 160W Max""enwood 4X10" 2-Way Spea""nwood 4X10"""",Available,2
10770437,4.79,iGo TP06133-0001 iPhone and iPod Charger Tip,Available,2
10793752,93.98,Cobra 29 LTD Classic CB Radio,Available,2
10966174,15.66,Midland Through-Window Mount Weather Band Antenna - With Installation Material,Available,2
10972997,16.98,XO Vision HTC35 Universal Car Backup Camera,Available,2
11008177,87.55,GARMIN 010-11269-00 nuMaps Subscription,Available,2
11018926,47.95,Cobra Marine VHF Hand-Held Radio,Available,2
11018938,95.17,Terk Technologies Leapfrog Lf-30S Wireless 2.4 Ghz A/V Distribution System,Not available,2
11018947,40.19,TERK ADVANTAGE Omnidirectional Indoor AM Antenna,Available,2
11018949,22.03,Terk AM/FM Stereo Antenna with Gamma Loop AM-FM+,Not available,2
11018950,11.92,Terk FM Stereo Antenna With Gamma Loop,Available,2
11018951,94.74,Terk Indoor/Outdoor Dual-Drive Amplified FM Antenna,Available,2
11018952,50.62,TERK PI-B AM/FM Amplified Stereo Indoor Antenna,Available,2
11020916,50.88,Cobra 800-Watt Power Inverter,Available,2
11030482,79.99,Whistler Pro-78SE High-Performance Radar Detector,Not available,2
11030485,43.62,Whistler XTR-265 Radar/Laser Detector with Pop Mode Detection,Available,2
11030486,44.86,Whistler XTR-540 Radar/Laser Detector - X-band K-band Ka Superwide Ka Band Laser - VG-2 Alert VG-2 Immunity - City Highway - 360; Detection,Not available,2
11030488,159.98,Whistler XTR-690 SE Exclusive High-Performance Radar/Laser Detector with Digital Compass,Available,2
11060981,13.95,Magellan Traffic-Link Device,Not available,2
11062597,16.96,JVC KS-U30 iPod iPhone Audio and Video USB Connection Cable for JVC Receivers,Available,2
11062618,139.42,Pioneer CDx-P680 6-Disc CD Changer,Not available,2
11062620,94.16,Pioneer Keh-P2030 In-Dash Cassette Player,Not available,2
11062658,26.98,Bushnell Neo Golf GPS Rangefinder Carry Case,Not available,2
11063317,14.36,"Dual Ds Series Ds-573 5x7" - 60w (rms) / 120w  - Speaker""ual Ds Series Ds-573 5x7" - 60""al Ds",Not available,2
11063318,20.98,"DUAL DS652 Coaxial Car Speakers (120 Watt 2 Way 6.5")""U",Available,2
11063319,21.89,"NEW DUAL DS653 CAR AUDIO STEREO 6.5" 3-WAY COAXIALS SPEAKERS PAIR DS-653 6-1 /2"""EW DUAL DS653 CAR AUDIO STEREO 6.5" 3-WAY CO""W DUAL DS",Not available,2
11063320,27.99,"DUAL DS692 Coaxial Car Speakers (120 Watts 2 Way 6" x 9")""UAL DS",Available,2
11063326,16.03,XO Vision XO420 350W Power Inverter with 2 AC Outlets,Not available,2
11064256,243.79,AudioSource EQ200 10-Band Stereo Graphic Equalizer - Spectrum Analyzer Display 10 Bands From 30Hz to 16kHz +/-12dB 4 I,Not available,2
11070020,51.52,Cobra 9 Band Radar Detector ESD 767,Available,2
11078694,199,XO Vision XOD1750 7-Inch Double Din Touch Screen DVD Receiver,Available,2
11078720,13.78,Monster Cable MP3 Portable Connection,Not available,2
11084217,394.95,Tripp-Lite PV3000HF 3000-Watt Power Inverter,Available,2
11084218,81.69,Tripp-Lite 700-Watt 12V Power Inverter,Available,2
11684432,7.42,RCA AH600R CD/Auto Cassette Adapter,Available,2
11960325,74.59,Uniden Compact Hand-Held JIS8 Submersible Marine Radio,Available,2
11962962,262.07,Uniden BC-346XT Analog TrunkTracker III Scanner with Dynamic Memory Architecture,Not available,2
11962963,553,Uniden APCO-25 capable Portable TrunkTracker IV,Not available,2
11968793,10.68,"Boss Audio 60-Watt 5.25" Dual Cone Replacement Speaker (One Speaker)""oss Audio 60-Watt 5.25" Dual Cone Replacemen""ss Audio 60-Watt 5.25",Available,2
11968794,11.86,Boss Audio 10-Gauge Amplifier Installation Kit,Available,2
11968795,11.6,Boss Audio Flush Mount Tweeters Car Speakers with Housing (Pair of Speakers),Not available,2
11968796,11.16,Boss Audio BRS65 BRS Series Dual-Cone Replacement Speaker,Available,2
11968797,11.48,"Boss Audio BRS Series120-Watt 6" x 9" Dual Cone Replacement Speaker (One Speaker)""oss Audio BRS Series120-Watt 6" x 9" Dual Cone Re""ss Audio BRS Serie",Available,2
11968798,11.95,Boss Audio TW17 Bullet and Dome Tweeters,Available,2
11968799,13.52,Boss *TW18* Micro dome tweeters(Sold in pairs) swivel mount,Available,2
11968801,13.52,"BOSS AUDIO TW19 Dome Tweeters (1" Micro-Dome Tweeters)""OSS AUDIO TW19 Dome T",Available,2
11968804,11,Boss Audio 8-Gauge Amplifier Installation Kit,Available,2
11968806,14.72,"Boss Audio 3.5" 2-Way Car Speakers Full Range Chaos Speakers 140W (Pair of Speakers)""oss Audio 3.5" 2-Way Car Speakers Full Range Chaos Speakers 140W (Pai""ss Audio 3.5" 2-Way Car Speakers Full Range Chaos Speak""s Audio 3.5" 2-Way Car Speakers Full Range"" Audio 3.5" 2-Way Car Speakers""Audio 3.5" 2-Way Ca""udio 3.5"""",Available,2
11968809,15.98,"Boss Audio CH4620 CHAOS EXTREME 200 Watt 4" x 6" 2-Way Car Speakers (Pair of Speakers)""oss Audio CH4620 CHAOS EXTREME 200 Watt 4" ""s",Not available,2
11968811,17.47,"Boss Audio 5.25" 2-Way Car Speakers Full Range Chaos Speakers - 200W (Pair of Speakers)""oss Audio 5.25" 2-Way Car Speakers Full Range Chaos Speakers - 200W (Pa""ss Audio 5.25" 2-Way Car Speakers Full Range Chaos Speak""s Audio 5.25" 2-Way Car Speakers Full Rang"" Audio 5.25" 2-Way Car Speake""Audio 5.25" 2-Way""udio 5",Available,2
11968813,13.74,Boss Audio Audio TW15 Bullet and Dome Tweeters Car Speakers (Pair of Speakers),Not available,2
11968816,18.67,"Boss Audio CHAOS Series 5" x 7" 2-Way Car Speakers Full Range Speakers (Pair of Speakers)""oss Audio CHAOS Series 5" x 7" 2-Way Car Speakers Full Range Sp""ss Audio CHAOS Series 5" x 7" 2-Way Ca""s Audio CHAOS ",Available,2
11968843,14.98,"Boss Audio CH6530 6.5" 3-Way Car Speakers Full Range Chaos Speakers - 300W (Pair of Speakers)""oss Audio CH6530 6.5" 3-Way Car Speakers Full Range Chaos Speakers - 30""ss Audio CH6530 6.5" 3-Way Car Speakers Full Range""s Audio CH6530 6.5" 3-Way Car "" Audio CH65",Available,2
11968844,17.02,"Boss Audio 3" Bullet Tweeters Car Speakers (Pair of Speakers)""oss Audio 3" Bullet Tweeters Car Speakers (Pair ""ss Audio 3" Bullet Tweeters Car Spea""s Audio 3" Bullet Tweeter"" Audio 3" Bulle""Audio ",Available,2
11968845,25.96,"Boss Audio CHAOS Series 5-1/4" 3-Way Car Speakers Full Range Speakers (Pair of Speakers)""oss Audio CHAOS Series 5-1/4" 3-Way Car Speakers Full Rang""ss Audio CHAOS Series 5-1/4" ""s",Available,2
11968849,27.95,"Boss 4X10" Speaker 3-Way red poly injection cone""oss 4X10" Speaker 3-Way red poly injec""ss 4X10" Speaker 3-Way red po""s 4X10" Speaker 3-Way"" 4X10" Speaker""4X10" Sp""X10",Available,2
11968850,24.99,"Boss Audio 2-Way Car Speakers Full Range Chaos Speakers - 6" X 9" 350W (Pair of Speakers)""oss Audio 2-Way Car Speakers ",Available,2
11968851,19.99,Boss Audio 4-Gauge Amplifier Installation Kit,Available,2
11968852,19.94,"Boss Audio 1" Silk Dome Tweeters Car Speakers""oss Audio 1" Silk Dome Tweeters ""ss Audio 1" Silk Dom""s Audio 1",Available,2
11968854,24.98,"Boss Audio CH6930 6" X 9" 3-Way Chaos Speakers - 400W (Pair of Speakers)""oss Audio CH6930 6" X 9" 3-Way Chaos Speakers - 400W""ss Audio CH6930 6" X 9" 3-Way Cha""s Audio CH6930 ",Available,2
11968855,25.99,"Boss Audio 6" X 9" 4-Way Car Speakers Full Range Chaos Speakers (Pair of Speakers)""oss Audio 6" X 9" 4-Way Car Speakers Full Range Chaos Speakers (Pair ""ss Audio 6" X 9" 4-Way Car Speakers Full Range Chaos Spea""s Audio 6" X 9" 4-Way Car Speakers Full Range "" Audio 6" X 9" 4-Way Car Speakers Fu""Audio 6" X 9" 4-Way Car Spe""udio 6" X 9" 4-Way ""dio 6" X 9" ""io 6" ""o",Available,2
11968860,34.5,"Boss Audio 10" Diablo Series Low Profile Subwoofer (One Subwoofer)""oss Audio 10" Diablo Series Low Profile Subwoofer (O""ss Audio 10" Diablo Series Low Profile ""s Audio 10" Diablo Series L"" Audio 10" Diabl""Audio ",Available,2
11968886,59.99,"Boss Audio BV7HIR 7" Widescreen Headrest Monitor W/ Wireless Remote""oss Audio BV7HIR 7" Widescreen Headrest Monitor""ss Audio BV7HIR 7" Widescree""s Audio BV",Available,2
11969133,241,"Boss Audio BV9555 7" Double-Din DVD In-Dash Receiver""oss Audio BV9555 7" Double-Din D""ss Audio BV95",Not available,2
11969138,108,Boss BV11.2BGT 11.2  Flip Down Widescreen TFT Monitor with Build-In DVD Player,Not available,2
11969140,69.88,Boss CD Receiver With Detachable Front Panel And Aux-In,Not available,2
11973953,25.99,Garmin Approach G5 Hard Carrying Case,Available,2
11973954,12.75,GARMIN SLIP CASE 0101134500,Available,2
11973976,63.57,Dual XD1222 In-Dash AM/FM CD Player with Front Panel Aux Input and USB Charging Port,Available,2
11974000,119.57,Cobra Chrome CB Radio,Available,2
11974001,102.88,"Cobra Mobile CB Radio With Dynamike Gain Control And SWR Antenna Calibration And NightWatch" Illuminated Display With Dimmer Control""obra Mobile CB Radio With Dynamike Gain ",Available,2
11974002,23,Cobra Remote Mount Connection Box For multi-Vehicle Use With All-In-Handset Mobile 40-Channel CB Radio,Available,2
11974005,39.57,Cobra ESD7100 9 Band Radar/Laser Detector,Available,2
11974006,6.51,Cobra BNC To Standard Connector For Hand-Held CB Antennas,Not available,2
11974007,25.52,Cobra Long-Range Telescoping Antenna For Hand-Held 40-Channel CB Radio,Not available,2
11974008,16.76,"Cobra 100-Watt 21" Magnet-Mount Antenna""obra 100-Watt 21" Mag""bra ",Available,2
11974009,30.95,"Cobra 36" 300-Watt Magnet Mount Antenna""obra 36" 300-Watt Magnet Mount""bra 36" 300-Watt Magne""ra 36" 300-Watt""a 36" 300"" 36"""",Available,2
11974010,14.09,Cobra 4-Pin CB Microphones,Available,2
11974014,199.99,Cobra XRS-9955 15 Band 360&#176; Police Cop Radar Laser Detector w/DataGrafix Display,Not available,2
11974135,23.07,Cobra HighGear Noise-Canceling External Speaker,Available,2
11974137,98.45,Cobra Electronics XRS9345 14-Band Radar/Laser Detector,Not available,2
11974138,99,Cobra 14-Band Radar/Laser detector With Voice Alert,Not available,2
11974139,129,Cobra 15 Band Radar/Laser Detector with Voice Alert,Not available,2
11974147,29,Cobra 4-Pin Microphone With Noise Canceling Feature,Available,2
11979922,7.95,Scosche Coreblock4 Agu Fuse Power Distributor 14 Gauge In 48 Gauge Out,Available,2
11979927,179.95,Scosche FP4B-125,Available,2
11980358,18.99,MOUNT PORTABLE FRICTION MOUNT NON,Available,2
11988090,9.68,"Scosche ABS1212 - 12" X 12" Pre-Scored ABS Sheet""cosche ABS1212 - 12" X 12" ""osche A",Available,2
11988091,4.95,"Scosche DINTKB - DIN Trim Ring Kit (3 pcs.); 1/8" 1/4" and 1/2" borders""cosche DINTKB - DIN Tr",Available,2
11988092,4.95,Scosche DT1B - BAGGED DT-1,Available,2
11988093,5.97,Scosche GM01B- 1978 - 1987 GM Power 4-Speaker Car Stereo Connector,Available,2
11988094,8.72,Scosche GM1503B - 1982-up General Motors Multi Kit w/molded on 7/8'' Extension;  DIN/ISO w/Universal Brackets Patented,Not available,2
11988095,12.28,Scosche GM1515B - 95-97 GM S15 S10 EQ MOUNTING KIT,Not available,2
11988096,16.15,Scosche GMT2049B - 1992-up M-3000 Installation Kit including 2002-up Pontiac Vibe / Toyota Matrix,Not available,2
11988335,8.95,Bracketron UGC-101-BL Travelers Adapter for Garmin GPS,Not available,2
11988336,9.95,CHARGER DUAL SOCKET POWER,Available,2
11988339,14.41,GARMIN 010-11305-01 nuvi(R) Carrying Case,Available,2
11992370,41.39,"Boss Audio D12F - 12" Subwoofer Single Voice Coil (4 Ohm) 1000W (Each)""oss Audio D12F - 12" Subwoofer Single Voice Coil ""ss Audio D12F - 12" Subwoofer""s Audio D1",Available,2
11992373,259,Boss 760DI In-Dash Solid State MP3 Receiver with Internal iPod Docking Station,Not available,2
11993260,64.99,"Pioneer TS-A1072R 2-Way 4" 150-Watt S er""ioneer TS-A107",Not available,2
11993261,92.14,"Pioneer TS-A1302C 5.25" A-Series 120-Watt Component Package""ioneer TS-A1302C 5.25" A-Series 120-""oneer TS-A1302",Not available,2
11993267,61.73,Pioneer Tsa4103 4 X 10 2-Way S ers,Not available,2
11993274,228,PIONEER TS-D1320C 5.25 Inch. D-Series 180-Watt Speaker System,Not available,2
11993275,119.99,"Pioneer TS-D1720C 6-3/4" 2-Way 260W D-series Coaxial Car Speakers (TSD1720C)""ioneer TS-D1720C 6-3/4" 2-Way 260W D-series Coaxial ""oneer TS-D1720C 6-3/4" 2-Way ""neer TS",Not available,2
11993276,64.43,"Pioneer TS-D6802R 6" X 8" 2-Way 260-Watt S er""ioneer TS-D6802R 6" X 8" ""oneer ",Not available,2
11993277,90,"Pioneer TS-D6902R 6" X 9" 2-Way 360-Watt S er""ioneer TS-D6902R 6" X 9" ""oneer ",Not available,2
11993280,127.77,PIO TSSW2501S4 10 inch 1200W Shallow-Mount Subwoofer,Not available,2
11993281,248.98,"PIONEER TS-SW3001S4 12" 1500-Watt Shallow Subwoofer (4_ voice coil)""IONEER TS-SW3001S4 12" 1500-Watt Shallow Sub""ONEER TS-SW3001S4 12" ""N",Not available,2
11993282,137.89,"New Pioneer Tsswx310 12" Shallow Series Preloaded Enclosure 1000 Watt""ew Pioneer Tsswx310 12" Shallow Series Preloa""w Pioneer Tsswx310 12"""",Not available,2
12016342,178.21,"XO Vision Single-DIN DVD Receiver with 4.3" Motorized Touchscreen XO1948""O Vision Single-DIN DVD Recei",Not available,2
12016352,4.99,Pyle PLMRNT1 Marine Wire Antenna,Available,2
12016361,22.16,"Pyle 3.5" 200 Watt 3-Way Mini Box Speaker System - White PLMR24""yle 3.5" 200 Watt 3-Way Mini Box Speaker System - Whit""le 3.5" 200 Watt 3-Way Mini Box Speaker System""e 3.5" 200 Watt 3-Way Mini Box Speaker "" 3.5" 200 Watt 3-Way Mini Box Spe""3.5" 200 Watt 3-Way Mini Box"".5" 200 Watt 3-Way Mini ""5" 200 Watt 3-Way Min""" 200 Watt 3-Way Mi"" 200 Watt 3-Way Mi",Available,2
12016362,14.76,"Pyle PLMR51W Dual Cone Waterproof Stereo Speakers (5.25")""y",Available,2
12016363,17.64,"Pyle 5.25" Hydra Series Marine 2-Way Speakers 150 Watt PLMR52""yle 5.25" Hydra Series Marine 2-Way Speakers 150 Wa""le 5.25" Hydra Series Marine 2-Way Speaker""e 5.25" Hydra Series Marine 2-Way "" 5.25" Hydra Series Marine ""5.25" Hydra Series Ma"".25" Hydra Serie""25" Hydra Se""5" Hydra """ Hydra"" Hydra",Available,2
12016367,92.37,"Pyle PLMRW85 8" 300W 2-Way Wakeboard Speakers White""yle PLMRW85 8" 300W 2-Way Wakeboard ""le PLMRW85 8" 300W 2-W""e PLMRW85",Available,2
12016368,79.99,PYLE PLMR65C 250 Watts 6.5-Inch 2-Way Custom Marine Component System,Not available,2
12016370,67.28,200 Watts 6.5'' 2-Way Marine Component System,Not available,2
12016371,102.19,Pyle PLMB85 Hyda Series 2-Way Wakeboard Speakers Black,Not available,2
12025097,55.88,"Magellan RM1470SGXUC RoadMate?? 1470 4.7" GPS Device""agellan RM1",Not available,2
12025098,134.26,"Magellan RoadMate 1700 7" Largescreen Portable GPS with Spoken Street Names""agellan RoadMate 1700 7" Largescreen Portable GPS ""gellan RoadMate 1700 7" La""ell",Not available,2
12029439,32.98,"Pyle 10" 500W Marine Subwoofer""yle 10" 500W Marine Su""le 10" 500W Mar""e 10" 500"" 10"""",Not available,2
12029440,86.94,"Pyle PLMRW65 2-Way 6.5" 200W Wakeboard Speakers""yle PLMRW65 2-Way 6.5" 2""le",Available,2
12029442,7.98,"Pyle 5" All-Weather Trumpet Speaker Black""yle 5" All-Weather Trumpet Speaker""le 5" All-Weather Trumpet Sp""e 5" All-Weather Trumpe"" 5" All-Weather Tru""5" All-Weather T""" All-Weather "" All-Weather ",Available,2
12321963,149.65,Power Acoustik BAMF2000/1D BAMF Series Class D 2000W Mono Amplifier,Not available,2
12321969,8.95,Power Acoustik NB-2 - 3-Way Mount Tweeter 200 Watts,Available,2
12321974,48.24,Power Acoustik P2-12W P2 Series Subwoofer (One Subwoofer),Not available,2
12330353,369,SV-600 - 12Ã¢â¬Â 3-Way Vocal Speaker,Available,2
12343481,74.07,"Power Acoustik PT-700MHR 7" Widescreen Headrest Monitor""ower Acoustik PT-700MHR 7" W""we",Available,2
12343484,102.99,Power Acoustik 7-Inch Visor Monitor (PT-727MSV),Not available,2
12343506,395.07,"Power Acoustik (HDVD-9) 8.8" Preloaded Universal Headrest Monitors with Twin DVD Combo and Headphones""ower Acoustik (HDVD-9) 8.8" Preloaded Universal Headrest Monitors with Tw""wer Acoustik (HDVD-9) 8.8" Preloaded Universal""er Acoustik (HDVD-9)",Available,2
12343507,408.99,"Power Acoustik (HDVD-9) 8.8" Preloaded Universal Headrest Monitors with Twin DVD Combo and Headphones""ower Acoustik (HDVD-9) 8.8" Preloaded Universal Headrest Monitors with Tw""wer Acoustik (HDVD-9) 8.8" Preloaded Universal""er Acoustik (HDVD-9)",Not available,2
12343508,419.99,"Power Acoustik (HDVD-9) 8.8" Preloaded Universal Headrest Monitors with Twin DVD Combo and Headphones""ower Acoustik (HDVD-9) 8.8" Preloaded Universal Headrest Monitors with Tw""wer Acoustik (HDVD-9) 8.8" Preloaded Universal""er Acoustik (HDVD-9)",Available,2
12343509,379.89,"Power Acoustik (HDVD-9) 8.8" Preloaded Universal Headrest Monitors with Twin DVD Combo and Headphones""ower Acoustik (HDVD-9) 8.8" Preloaded Universal Headrest Monitors with Tw""wer Acoustik (HDVD-9) 8.8" Preloaded Universal""er Acoustik (HDVD-9)",Available,2
12343513,313.05,"Power Acoustik PMD-112Cmx 11.2" Widescreen Ceiling-Mount Monitor with DVD""ower Acoustik PMD-112Cmx 11.2" Widescreen ""wer Acoustik",Not available,2
12343514,313.41,"Power Acoustik PMD-121Cmx 12.1" TFT/LCD Ceiling-Mount Monitor with DVD""ower Acoustik PMD-121Cmx 12.1" TFT/LCD ""wer Acous",Not available,2
12343515,240.34,"Power Acoustik PMD-90CM 9" Flip-Down Widescreen Monitor with DVD""ower Acoustik PMD-90CM 9" Flip-Down Wi""wer Acoustik ",Available,2
12343516,4000,"15.2" Ceiling-Mount LCD Monitor""5.2" Ceiling-Mount LCD Mon"".2" Ceiling-Mount LCD ""2" Ceiling-Mount LC""" Ceiling-Mount L"" Ceiling-Mount L",Not available,2
12343630,9.55,Namsung MAR16B Dual Rubber Mast Antenna Black,Available,2
12343635,9.21,DUAL MAR16W Rubber Mast AM/FM Antenna (White),Available,2
12343640,5.8,Namsung MAW40 Dual Universal Wire Antenna,Available,2
12343662,38.49,Power Acoustik 4-Band 1/2 DIN Equalizer PWM-19,Available,2
12343705,58.95,"SPEAKERS 6X9" 2-WAY MARINE DUAL;POLY CONE;200 WATTS""PEAKERS 6X9" 2-WAY MARINE DUAL;POLY CO""EAKERS 6X9" 2-WAY MARINE D""AKERS 6X9" 2-WA""KERS ",Available,2
12343833,99.33,Power Acoustik BAMF1200/4 BAMF Series Class AB 4-Channel 1200W Amplifier,Not available,2
12343834,92.92,Power Acoustik BAMF1250/2 BAMF Series Class AB 2-Channel 1250W Amplifier,Not available,2
12343836,130,Power Acoustik BAMF1600/4 BAMF Series Class AB 4-Channel 1600W Amplifier,Not available,2
12343838,117.89,New Power Acoustik Bamf1800/2 Bamf Series Class Ab Amplifier (2-Channel; 1800W),Not available,2
12343840,180,Power Acoustik BAMF2600/2 BAMF Series Class AB 2-Channel 2600W Amplifier,Not available,2
12343846,86.88,Power Acoustik BAMF800/2 BAMF Series Class AB 2-Channel 800W Amplifier,Not available,2
12347326,67.36,DP Audio 500 Watts x 2 Car Amplifier DA1000.2,Not available,2
12347332,47.06,DP Audio 250 Watts x 2 Car Amplifier DA500.2,Not available,2
12429496,16.67,MidLand Mobile CB Antenna,Available,2
